,word_count,Branch
0,41,Damen
1,40,Damen
2,39,Damen
3,36,Damen
4,35,Damen
5,34,Damen
6,33,Damen
7,30,Damen
8,28,Damen
9,28,Damen
10,26,Damen
11,26,Damen
12,26,Damen
13,25,Damen
14,23,Damen
15,22,Damen
16,22,Damen
17,21,Damen
18,20,Damen
19,19,Damen
20,19,Damen
21,18,Damen
22,18,Damen
23,18,Damen
24,17,Damen
25,17,Damen
26,16,Damen
27,16,Damen
28,16,Damen
29,16,Damen
30,16,Damen
31,16,Damen
32,16,Damen
33,15,Damen
34,15,Damen
35,15,Damen
36,13,Damen
37,13,Damen
38,13,Damen
39,13,Damen
40,13,Damen
41,13,Damen
42,13,Damen
43,12,Damen
44,12,Damen
45,12,Damen
46,12,Damen
47,12,Damen
48,11,Damen
49,11,Damen
50,11,Damen
51,10,Damen
52,10,Damen
53,10,Damen
54,10,Damen
55,10,Damen
56,10,Damen
57,10,Damen
58,10,Damen
59,9,Damen
60,9,Damen
61,9,Damen
62,9,Damen
63,9,Damen
64,9,Damen
65,9,Damen
66,9,Damen
67,8,Damen
68,8,Damen
69,8,Damen
70,8,Damen
71,8,Damen
72,8,Damen
73,8,Damen
74,8,Damen
75,8,Damen
76,8,Damen
77,8,Damen
78,8,Damen
79,8,Damen
80,8,Damen
81,8,Damen
82,8,Damen
83,7,Damen
84,7,Damen
85,7,Damen
86,7,Damen
87,7,Damen
88,7,Damen
89,7,Damen
90,7,Damen
91,7,Damen
92,7,Damen
93,7,Damen
94,7,Damen
95,7,Damen
96,7,Damen
97,7,Damen
98,7,Damen
99,7,Damen
100,7,Damen
101,7,Damen
102,7,Damen
103,7,Damen
104,7,Damen
105,7,Damen
106,6,Damen
107,6,Damen
108,6,Damen
109,6,Damen
110,6,Damen
111,6,Damen
112,6,Damen
113,6,Damen
114,6,Damen
115,6,Damen
116,6,Damen
117,6,Damen
118,6,Damen
119,6,Damen
120,6,Damen
121,6,Damen
122,6,Damen
123,6,Damen
124,6,Damen
125,6,Damen
126,6,Damen
127,6,Damen
128,6,Damen
129,6,Damen
130,6,Damen
131,6,Damen
132,6,Damen
133,6,Damen
134,6,Damen
135,6,Damen
136,6,Damen
137,5,Damen
138,5,Damen
139,5,Damen
140,5,Damen
141,5,Damen
142,5,Damen
143,5,Damen
144,5,Damen
145,5,Damen
146,5,Damen
147,5,Damen
148,5,Damen
149,5,Damen
150,5,Damen
151,5,Damen
152,5,Damen
153,5,Damen
154,5,Damen
155,5,Damen
156,5,Damen
157,5,Damen
158,5,Damen
159,5,Damen
160,5,Damen
161,5,Damen
162,5,Damen
163,5,Damen
164,5,Damen
165,5,Damen
166,5,Damen
167,5,Damen
168,5,Damen
169,5,Damen
170,5,Damen
171,5,Damen
172,5,Damen
173,5,Damen
174,5,Damen
175,5,Damen
176,5,Damen
177,5,Damen
178,5,Damen
179,5,Damen
180,5,Damen
181,5,Damen
182,5,Damen
183,5,Damen
184,5,Damen
185,5,Damen
186,5,Damen
187,4,Damen
188,4,Damen
189,4,Damen
190,4,Damen
191,4,Damen
192,4,Damen
193,4,Damen
194,4,Damen
195,4,Damen
196,4,Damen
197,4,Damen
198,4,Damen
199,4,Damen
200,4,Damen
201,4,Damen
202,4,Damen
203,4,Damen
204,4,Damen
205,4,Damen
206,4,Damen
207,4,Damen
208,4,Damen
209,4,Damen
210,4,Damen
211,4,Damen
212,4,Damen
213,4,Damen
214,4,Damen
215,4,Damen
216,4,Damen
217,4,Damen
218,4,Damen
219,4,Damen
220,4,Damen
221,4,Damen
222,4,Damen
223,4,Damen
224,4,Damen
225,4,Damen
226,4,Damen
227,4,Damen
228,4,Damen
229,4,Damen
230,4,Damen
231,4,Damen
232,4,Damen
233,4,Damen
234,4,Damen
235,4,Damen
236,4,Damen
237,4,Damen
238,4,Damen
239,4,Damen
240,4,Damen
241,4,Damen
242,4,Damen
243,4,Damen
244,4,Damen
245,4,Damen
246,4,Damen
247,4,Damen
248,4,Damen
249,4,Damen
250,4,Damen
251,4,Damen
252,4,Damen
253,4,Damen
254,4,Damen
255,4,Damen
256,4,Damen
257,4,Damen
258,4,Damen
259,4,Damen
260,4,Damen
261,4,Damen
262,4,Damen
263,3,Damen
264,3,Damen
265,3,Damen
266,3,Damen
267,3,Damen
268,3,Damen
269,3,Damen
270,3,Damen
271,3,Damen
272,3,Damen
273,3,Damen
274,3,Damen
275,3,Damen
276,3,Damen
277,3,Damen
278,3,Damen
279,3,Damen
280,3,Damen
281,3,Damen
282,3,Damen
283,3,Damen
284,3,Damen
285,3,Damen
286,3,Damen
287,3,Damen
288,3,Damen
289,3,Damen
290,3,Damen
291,3,Damen
292,3,Damen
293,3,Damen
294,3,Damen
295,3,Damen
296,3,Damen
297,3,Damen
298,3,Damen
299,3,Damen
300,3,Damen
301,3,Damen
302,3,Damen
303,3,Damen
304,3,Damen
305,3,Damen
306,3,Damen
307,3,Damen
308,3,Damen
309,3,Damen
310,3,Damen
311,3,Damen
312,3,Damen
313,3,Damen
314,3,Damen
315,3,Damen
316,3,Damen
317,3,Damen
318,3,Damen
319,3,Damen
320,3,Damen
321,3,Damen
322,3,Damen
323,3,Damen
324,3,Damen
325,3,Damen
326,3,Damen
327,3,Damen
328,3,Damen
329,3,Damen
330,3,Damen
331,3,Damen
332,3,Damen
333,3,Damen
334,3,Damen
335,3,Damen
336,3,Damen
337,3,Damen
338,3,Damen
339,3,Damen
340,3,Damen
341,3,Damen
342,3,Damen
343,3,Damen
344,3,Damen
345,3,Damen
346,3,Damen
347,3,Damen
348,3,Damen
349,3,Damen
350,3,Damen
351,3,Damen
352,3,Damen
353,3,Damen
354,3,Damen
355,3,Damen
356,3,Damen
357,3,Damen
358,3,Damen
359,3,Damen
360,3,Damen
361,3,Damen
362,3,Damen
363,3,Damen
364,3,Damen
365,3,Damen
366,3,Damen
367,3,Damen
368,3,Damen
369,3,Damen
370,3,Damen
371,3,Damen
372,3,Damen
373,3,Damen
374,3,Damen
375,3,Damen
376,3,Damen
377,3,Damen
378,3,Damen
379,3,Damen
380,2,Damen
381,2,Damen
382,2,Damen
383,2,Damen
384,2,Damen
385,2,Damen
386,2,Damen
387,2,Damen
388,2,Damen
389,2,Damen
390,2,Damen
391,2,Damen
392,2,Damen
393,2,Damen
394,2,Damen
395,2,Damen
396,2,Damen
397,2,Damen
398,2,Damen
399,2,Damen
400,2,Damen
401,2,Damen
402,2,Damen
403,2,Damen
404,2,Damen
405,2,Damen
406,2,Damen
407,2,Damen
408,2,Damen
409,2,Damen
410,2,Damen
411,2,Damen
412,2,Damen
413,2,Damen
414,2,Damen
415,2,Damen
416,2,Damen
417,2,Damen
418,2,Damen
419,2,Damen
420,2,Damen
421,2,Damen
422,2,Damen
423,2,Damen
424,2,Damen
425,2,Damen
426,2,Damen
427,2,Damen
428,2,Damen
429,2,Damen
430,2,Damen
431,2,Damen
432,2,Damen
433,2,Damen
434,2,Damen
435,2,Damen
436,2,Damen
437,2,Damen
438,2,Damen
439,2,Damen
440,2,Damen
441,2,Damen
442,2,Damen
443,2,Damen
444,2,Damen
445,2,Damen
446,2,Damen
447,2,Damen
448,2,Damen
449,2,Damen
450,2,Damen
451,2,Damen
452,2,Damen
453,2,Damen
454,2,Damen
455,2,Damen
456,2,Damen
457,2,Damen
458,2,Damen
459,2,Damen
460,2,Damen
461,2,Damen
462,2,Damen
463,2,Damen
464,2,Damen
465,2,Damen
466,2,Damen
467,2,Damen
468,2,Damen
469,2,Damen
470,2,Damen
471,2,Damen
472,2,Damen
473,2,Damen
474,2,Damen
475,2,Damen
476,2,Damen
477,2,Damen
478,2,Damen
479,2,Damen
480,2,Damen
481,2,Damen
482,2,Damen
483,2,Damen
484,2,Damen
485,2,Damen
486,2,Damen
487,2,Damen
488,2,Damen
489,2,Damen
490,2,Damen
491,2,Damen
492,2,Damen
493,2,Damen
494,2,Damen
495,2,Damen
496,2,Damen
497,2,Damen
498,2,Damen
499,2,Damen
500,2,Damen
501,2,Damen
502,2,Damen
503,2,Damen
504,2,Damen
505,2,Damen
506,2,Damen
507,2,Damen
508,2,Damen
509,2,Damen
510,2,Damen
511,2,Damen
512,2,Damen
513,2,Damen
514,2,Damen
515,2,Damen
516,2,Damen
517,2,Damen
518,2,Damen
519,2,Damen
520,2,Damen
521,2,Damen
522,2,Damen
523,2,Damen
524,2,Damen
525,2,Damen
526,2,Damen
527,2,Damen
528,2,Damen
529,2,Damen
530,2,Damen
531,2,Damen
532,2,Damen
533,2,Damen
534,2,Damen
535,2,Damen
536,2,Damen
537,2,Damen
538,2,Damen
539,2,Damen
540,2,Damen
541,2,Damen
542,2,Damen
543,2,Damen
544,2,Damen
545,2,Damen
546,2,Damen
547,2,Damen
548,2,Damen
549,2,Damen
550,2,Damen
551,2,Damen
552,2,Damen
553,2,Damen
554,2,Damen
555,2,Damen
556,2,Damen
557,2,Damen
558,2,Damen
559,2,Damen
560,2,Damen
561,2,Damen
562,2,Damen
563,2,Damen
564,2,Damen
565,2,Damen
566,2,Damen
567,2,Damen
568,2,Damen
569,2,Damen
570,2,Damen
571,2,Damen
572,2,Damen
573,2,Damen
574,2,Damen
575,2,Damen
576,2,Damen
577,2,Damen
578,2,Damen
579,2,Damen
580,2,Damen
581,2,Damen
582,2,Damen
583,2,Damen
584,2,Damen
585,2,Damen
586,2,Damen
587,2,Damen
588,2,Damen
589,2,Damen
590,2,Damen
591,2,Damen
592,2,Damen
593,1,Damen
594,1,Damen
595,1,Damen
596,1,Damen
597,1,Damen
598,1,Damen
599,1,Damen
600,1,Damen
601,1,Damen
602,1,Damen
603,1,Damen
604,1,Damen
605,1,Damen
606,1,Damen
607,1,Damen
608,1,Damen
609,1,Damen
610,1,Damen
611,1,Damen
612,1,Damen
613,1,Damen
614,1,Damen
615,1,Damen
616,1,Damen
617,1,Damen
618,1,Damen
619,1,Damen
620,1,Damen
621,1,Damen
622,1,Damen
623,1,Damen
624,1,Damen
625,1,Damen
626,1,Damen
627,1,Damen
628,1,Damen
629,1,Damen
630,1,Damen
631,1,Damen
632,1,Damen
633,1,Damen
634,1,Damen
635,1,Damen
636,1,Damen
637,1,Damen
638,1,Damen
639,1,Damen
640,1,Damen
641,1,Damen
642,1,Damen
643,1,Damen
644,1,Damen
645,1,Damen
646,1,Damen
647,1,Damen
648,1,Damen
649,1,Damen
650,1,Damen
651,1,Damen
652,1,Damen
653,1,Damen
654,1,Damen
655,1,Damen
656,1,Damen
657,1,Damen
658,1,Damen
659,1,Damen
660,1,Damen
661,1,Damen
662,1,Damen
663,1,Damen
664,1,Damen
665,1,Damen
666,1,Damen
667,1,Damen
668,1,Damen
669,1,Damen
670,1,Damen
671,1,Damen
672,1,Damen
673,1,Damen
674,1,Damen
675,1,Damen
676,1,Damen
677,1,Damen
678,1,Damen
679,1,Damen
680,1,Damen
681,1,Damen
682,1,Damen
683,1,Damen
684,1,Damen
685,1,Damen
686,1,Damen
687,1,Damen
688,1,Damen
689,1,Damen
690,1,Damen
691,1,Damen
692,1,Damen
693,1,Damen
694,1,Damen
695,1,Damen
696,1,Damen
697,1,Damen
698,1,Damen
699,1,Damen
700,1,Damen
701,1,Damen
702,1,Damen
703,1,Damen
704,1,Damen
705,1,Damen
706,1,Damen
707,1,Damen
708,1,Damen
709,1,Damen
710,1,Damen
711,1,Damen
712,1,Damen
713,1,Damen
714,1,Damen
715,1,Damen
716,1,Damen
717,1,Damen
718,1,Damen
719,1,Damen
720,1,Damen
721,1,Damen
722,1,Damen
723,1,Damen
724,1,Damen
725,1,Damen
726,1,Damen
727,1,Damen
728,1,Damen
729,1,Damen
730,1,Damen
731,1,Damen
732,1,Damen
733,1,Damen
734,1,Damen
735,1,Damen
736,1,Damen
737,1,Damen
738,1,Damen
739,1,Damen
740,1,Damen
741,1,Damen
742,1,Damen
743,1,Damen
744,1,Damen
745,1,Damen
746,1,Damen
747,1,Damen
748,1,Damen
749,1,Damen
750,1,Damen
751,1,Damen
752,1,Damen
753,1,Damen
754,1,Damen
755,1,Damen
756,1,Damen
757,1,Damen
758,1,Damen
759,1,Damen
760,1,Damen
761,1,Damen
762,1,Damen
763,1,Damen
764,1,Damen
765,1,Damen
766,1,Damen
767,1,Damen
768,1,Damen
769,1,Damen
770,1,Damen
771,1,Damen
772,1,Damen
773,1,Damen
774,1,Damen
775,1,Damen
776,1,Damen
777,1,Damen
778,1,Damen
779,1,Damen
780,1,Damen
781,1,Damen
782,1,Damen
783,1,Damen
784,1,Damen
785,1,Damen
786,1,Damen
787,1,Damen
788,1,Damen
789,1,Damen
790,1,Damen
791,1,Damen
792,1,Damen
793,1,Damen
794,1,Damen
795,1,Damen
796,1,Damen
797,1,Damen
798,1,Damen
799,1,Damen
800,1,Damen
801,1,Damen
802,1,Damen
803,1,Damen
804,1,Damen
805,1,Damen
806,1,Damen
807,1,Damen
808,1,Damen
809,1,Damen
810,1,Damen
811,1,Damen
812,1,Damen
813,1,Damen
814,1,Damen
815,1,Damen
816,1,Damen
817,1,Damen
818,1,Damen
819,1,Damen
820,1,Damen
821,1,Damen
822,1,Damen
823,1,Damen
824,1,Damen
825,1,Damen
826,1,Damen
827,1,Damen
828,1,Damen
829,1,Damen
830,1,Damen
831,1,Damen
832,1,Damen
833,1,Damen
834,1,Damen
835,1,Damen
836,1,Damen
837,1,Damen
838,1,Damen
839,1,Damen
840,1,Damen
841,1,Damen
842,1,Damen
843,1,Damen
844,1,Damen
845,1,Damen
846,1,Damen
847,1,Damen
848,1,Damen
849,1,Damen
850,1,Damen
851,1,Damen
852,1,Damen
853,1,Damen
854,1,Damen
855,1,Damen
856,1,Damen
857,1,Damen
858,1,Damen
859,1,Damen
860,1,Damen
861,1,Damen
862,1,Damen
863,1,Damen
864,1,Damen
865,1,Damen
866,1,Damen
867,1,Damen
868,1,Damen
869,1,Damen
870,1,Damen
871,1,Damen
872,1,Damen
873,1,Damen
874,1,Damen
875,1,Damen
876,1,Damen
877,1,Damen
878,1,Damen
879,1,Damen
880,1,Damen
881,1,Damen
882,1,Damen
883,1,Damen
884,1,Damen
885,1,Damen
886,1,Damen
887,1,Damen
888,1,Damen
889,1,Damen
890,1,Damen
891,1,Damen
892,1,Damen
893,1,Damen
894,1,Damen
895,1,Damen
896,1,Damen
897,1,Damen
898,1,Damen
899,1,Damen
900,1,Damen
901,1,Damen
902,1,Damen
903,1,Damen
904,1,Damen
905,1,Damen
906,1,Damen
907,1,Damen
908,1,Damen
909,1,Damen
910,1,Damen
911,1,Damen
912,1,Damen
913,1,Damen
914,1,Damen
915,1,Damen
916,1,Damen
917,1,Damen
918,1,Damen
919,1,Damen
920,1,Damen
921,1,Damen
922,1,Damen
923,1,Damen
924,1,Damen
925,1,Damen
926,1,Damen
927,1,Damen
928,1,Damen
929,1,Damen
930,1,Damen
931,1,Damen
932,1,Damen
933,1,Damen
934,1,Damen
935,1,Damen
936,1,Damen
937,1,Damen
938,1,Damen
939,1,Damen
940,1,Damen
941,1,Damen
942,1,Damen
943,1,Damen
944,1,Damen
945,1,Damen
946,1,Damen
947,1,Damen
948,1,Damen
949,1,Damen
950,1,Damen
951,1,Damen
952,1,Damen
953,1,Damen
954,1,Damen
955,1,Damen
956,1,Damen
957,1,Damen
958,1,Damen
959,1,Damen
960,1,Damen
961,1,Damen
962,1,Damen
963,1,Damen
964,1,Damen
965,1,Damen
966,1,Damen
967,1,Damen
968,1,Damen
969,1,Damen
970,1,Damen
971,1,Damen
972,1,Damen
973,1,Damen
974,1,Damen
975,1,Damen
976,1,Damen
977,1,Damen
978,1,Damen
979,1,Damen
980,1,Damen
981,1,Damen
982,1,Damen
983,1,Damen
984,1,Damen
985,1,Damen
986,1,Damen
987,1,Damen
988,1,Damen
989,1,Damen
990,1,Damen
991,1,Damen
992,1,Damen
993,1,Damen
994,1,Damen
995,1,Damen
996,1,Damen
997,1,Damen
998,1,Damen
999,1,Damen
1000,1,Damen
1001,1,Damen
1002,1,Damen
1003,1,Damen
1004,1,Damen
1005,1,Damen
1006,1,Damen
1007,1,Damen
1008,1,Damen
1009,1,Damen
1010,1,Damen
1011,1,Damen
1012,1,Damen
1013,1,Damen
1014,1,Damen
1015,1,Damen
1016,1,Damen
1017,1,Damen
1018,1,Damen
1019,1,Damen
1020,1,Damen
1021,1,Damen
1022,1,Damen
1023,1,Damen
1024,1,Damen
1025,1,Damen
1026,1,Damen
1027,1,Damen
1028,1,Damen
1029,1,Damen
1030,1,Damen
1031,1,Damen
1032,1,Damen
1033,1,Damen
1034,1,Damen
1035,1,Damen
1036,1,Damen
1037,1,Damen
1038,1,Damen
1039,1,Damen
1040,1,Damen
1041,1,Damen
1042,1,Damen
1043,1,Damen
1044,1,Damen
1045,1,Damen
1046,1,Damen
1047,1,Damen
1048,1,Damen
1049,1,Damen
1050,1,Damen
1051,1,Damen
1052,1,Damen
1053,1,Damen
1054,1,Damen
1055,1,Damen
1056,1,Damen
1057,1,Damen
1058,1,Damen
1059,1,Damen
1060,1,Damen
1061,1,Damen
1062,1,Damen
1063,1,Damen
1064,1,Damen
1065,1,Damen
1066,1,Damen
1067,1,Damen
1068,1,Damen
1069,1,Damen
1070,1,Damen
1071,1,Damen
1072,1,Damen
1073,1,Damen
1074,1,Damen
1075,1,Damen
1076,1,Damen
1077,1,Damen
1078,1,Damen
1079,1,Damen
1080,1,Damen
1081,1,Damen
1082,1,Damen
1083,1,Damen
1084,1,Damen
1085,1,Damen
1086,1,Damen
1087,1,Damen
1088,1,Damen
1089,1,Damen
1090,1,Damen
1091,1,Damen
1092,1,Damen
1093,1,Damen
1094,1,Damen
1095,1,Damen
1096,1,Damen
1097,1,Damen
1098,1,Damen
1099,1,Damen
1100,1,Damen
1101,1,Damen
1102,1,Damen
1103,1,Damen
1104,1,Damen
1105,1,Damen
1106,1,Damen
1107,1,Damen
1108,1,Damen
1109,1,Damen
1110,1,Damen
1111,1,Damen
1112,1,Damen
1113,1,Damen
1114,1,Damen
1115,1,Damen
1116,1,Damen
1117,1,Damen
1118,1,Damen
1119,1,Damen
1120,1,Damen
1121,1,Damen
1122,1,Damen
1123,1,Damen
1124,1,Damen
1125,1,Damen
1126,1,Damen
1127,1,Damen
1128,1,Damen
1129,1,Damen
1130,1,Damen
1131,1,Damen
1132,1,Damen
1133,1,Damen
1134,1,Damen
1135,1,Damen
1136,1,Damen
1137,1,Damen
1138,1,Damen
1139,1,Damen
1140,1,Damen
1141,1,Damen
1142,1,Damen
1143,1,Damen
1144,1,Damen
1145,1,Damen
1146,1,Damen
1147,1,Damen
1148,1,Damen
1149,1,Damen
1150,1,Damen
1151,1,Damen
1152,1,Damen
1153,1,Damen
1154,1,Damen
1155,1,Damen
1156,1,Damen
1157,1,Damen
1158,1,Damen
1159,1,Damen
1160,1,Damen
1161,1,Damen
1162,1,Damen
1163,1,Damen
1164,1,Damen
1165,1,Damen
1166,1,Damen
1167,1,Damen
1168,1,Damen
1169,1,Damen
1170,1,Damen
1171,1,Damen
1172,1,Damen
1173,1,Damen
1174,1,Damen
1175,1,Damen
1176,1,Damen
1177,1,Damen
1178,1,Damen
1179,1,Damen
1180,1,Damen
1181,1,Damen
1182,1,Damen
1183,1,Damen
1184,1,Damen
1185,1,Damen
1186,1,Damen
1187,1,Damen
1188,1,Damen
1189,1,Damen
1190,1,Damen
1191,1,Damen
1192,1,Damen
1193,1,Damen
1194,1,Damen
1195,1,Damen
1196,1,Damen
1197,1,Damen
1198,1,Damen
1199,1,Damen
1200,1,Damen
1201,1,Damen
1202,1,Damen
1203,1,Damen
1204,1,Damen
1205,1,Damen
1206,1,Damen
1207,1,Damen
1208,1,Damen
1209,1,Damen
1210,1,Damen
1211,1,Damen
1212,1,Damen
1213,1,Damen
1214,1,Damen
1215,1,Damen
1216,1,Damen
1217,1,Damen
1218,1,Damen
1219,1,Damen
1220,1,Damen
1221,1,Damen
1222,1,Damen
1223,1,Damen
1224,1,Damen
1225,1,Damen
1226,1,Damen
1227,1,Damen
1228,1,Damen
1229,1,Damen
1230,1,Damen
1231,1,Damen
1232,1,Damen
1233,1,Damen
1234,1,Damen
1235,1,Damen
1236,1,Damen
1237,1,Damen
1238,1,Damen
1239,1,Damen
1240,1,Damen
1241,1,Damen
1242,1,Damen
1243,1,Damen
1244,1,Damen
1245,1,Damen
1246,1,Damen
1247,1,Damen
1248,1,Damen
1249,1,Damen
1250,1,Damen
1251,1,Damen
1252,1,Damen
1253,1,Damen
1254,1,Damen
1255,1,Damen
1256,1,Damen
1257,1,Damen
1258,1,Damen
1259,1,Damen
1260,1,Damen
1261,1,Damen
1262,1,Damen
1263,1,Damen
1264,1,Damen
1265,1,Damen
1266,1,Damen
1267,1,Damen
1268,1,Damen
1269,1,Damen
1270,1,Damen
1271,1,Damen
1272,1,Damen
1273,1,Damen
1274,1,Damen
1275,1,Damen
1276,1,Damen
1277,1,Damen
1278,1,Damen
1279,1,Damen
1280,1,Damen
1281,1,Damen
1282,1,Damen
1283,1,Damen
1284,1,Damen
1285,1,Damen
1286,1,Damen
1287,1,Damen
1288,1,Damen
1289,1,Damen
1290,1,Damen
1291,1,Damen
1292,1,Damen
1293,1,Damen
1294,1,Damen
1295,1,Damen
1296,1,Damen
1297,1,Damen
1298,1,Damen
1299,1,Damen
1300,1,Damen
1301,1,Damen
1302,1,Damen
1303,1,Damen
1304,1,Damen
1305,1,Damen
1306,1,Damen
1307,1,Damen
1308,1,Damen
1309,1,Damen
1310,1,Damen
1311,1,Damen
1312,1,Damen
1313,1,Damen
1314,1,Damen
1315,1,Damen
1316,1,Damen
1317,1,Damen
1318,1,Damen
1319,1,Damen
1320,1,Damen
1321,1,Damen
1322,1,Damen
1323,1,Damen
1324,1,Damen
1325,1,Damen
1326,1,Damen
1327,1,Damen
1328,1,Damen
1329,1,Damen
1330,1,Damen
1331,1,Damen
1332,1,Damen
1333,1,Damen
1334,1,Damen
1335,1,Damen
1336,1,Damen
1337,1,Damen
1338,1,Damen
1339,1,Damen
1340,1,Damen
1341,1,Damen
1342,1,Damen
1343,1,Damen
1344,1,Damen
1345,1,Damen
1346,1,Damen
1347,1,Damen
1348,1,Damen
1349,1,Damen
1350,1,Damen
1351,1,Damen
1352,1,Damen
1353,1,Damen
1354,1,Damen
1355,1,Damen
1356,1,Damen
1357,1,Damen
1358,1,Damen
1359,1,Damen
1360,1,Damen
1361,1,Damen
1362,1,Damen
1363,1,Damen
1364,1,Damen
1365,1,Damen
1366,1,Damen
1367,1,Damen
1368,1,Damen
1369,1,Damen
1370,1,Damen
1371,1,Damen
1372,1,Damen
1373,1,Damen
1374,1,Damen
1375,1,Damen
1376,1,Damen
1377,1,Damen
1378,1,Damen
1379,1,Damen
1380,1,Damen
1381,1,Damen
1382,1,Damen
1383,1,Damen
1384,1,Damen
1385,1,Damen
1386,1,Damen
1387,1,Damen
1388,1,Damen
1389,1,Damen
1390,1,Damen
1391,1,Damen
1392,1,Damen
1393,1,Damen
1394,1,Damen
1395,1,Damen
1396,1,Damen
1397,1,Damen
1398,1,Damen
1399,1,Damen
1400,1,Damen
1401,1,Damen
1402,1,Damen
1403,1,Damen
1404,1,Damen
1405,1,Damen
1406,1,Damen
1407,1,Damen
1408,1,Damen
1409,1,Damen
1410,1,Damen
1411,1,Damen
1412,1,Damen
1413,1,Damen
1414,1,Damen
1415,1,Damen
1416,1,Damen
1417,1,Damen
1418,1,Damen
1419,1,Damen
1420,1,Damen
1421,1,Damen
1422,1,Damen
1423,1,Damen
1424,1,Damen
1425,1,Damen
1426,1,Damen
1427,1,Damen
1428,1,Damen
1429,1,Damen
1430,1,Damen
1431,1,Damen
1432,1,Damen
1433,1,Damen
1434,1,Damen
1435,1,Damen
1436,1,Damen
1437,1,Damen
1438,1,Damen
1439,1,Damen
1440,1,Damen
1441,1,Damen
1442,1,Damen
1443,1,Damen
1444,1,Damen
1445,1,Damen
1446,1,Damen
1447,1,Damen
1448,1,Damen
1449,1,Damen
1450,1,Damen
1451,1,Damen
1452,1,Damen
1453,1,Damen
1454,1,Damen
1455,1,Damen
1456,1,Damen
1457,1,Damen
1458,1,Damen
1459,1,Damen
1460,1,Damen
1461,100,Belmont
1462,92,Belmont
1463,81,Belmont
1464,80,Belmont
1465,76,Belmont
1466,75,Belmont
1467,66,Belmont
1468,65,Belmont
1469,62,Belmont
1470,54,Belmont
1471,54,Belmont
1472,53,Belmont
1473,53,Belmont
1474,52,Belmont
1475,51,Belmont
1476,51,Belmont
1477,46,Belmont
1478,46,Belmont
1479,43,Belmont
1480,43,Belmont
1481,42,Belmont
1482,41,Belmont
1483,41,Belmont
1484,41,Belmont
1485,40,Belmont
1486,39,Belmont
1487,39,Belmont
1488,38,Belmont
1489,36,Belmont
1490,36,Belmont
1491,35,Belmont
1492,34,Belmont
1493,33,Belmont
1494,33,Belmont
1495,30,Belmont
1496,29,Belmont
1497,29,Belmont
1498,28,Belmont
1499,28,Belmont
1500,28,Belmont
1501,27,Belmont
1502,26,Belmont
1503,26,Belmont
1504,26,Belmont
1505,25,Belmont
1506,25,Belmont
1507,24,Belmont
1508,24,Belmont
1509,24,Belmont
1510,24,Belmont
1511,24,Belmont
1512,23,Belmont
1513,23,Belmont
1514,23,Belmont
1515,22,Belmont
1516,22,Belmont
1517,21,Belmont
1518,21,Belmont
1519,21,Belmont
1520,21,Belmont
1521,21,Belmont
1522,21,Belmont
1523,20,Belmont
1524,20,Belmont
1525,20,Belmont
1526,20,Belmont
1527,20,Belmont
1528,20,Belmont
1529,20,Belmont
1530,20,Belmont
1531,20,Belmont
1532,20,Belmont
1533,19,Belmont
1534,19,Belmont
1535,19,Belmont
1536,19,Belmont
1537,19,Belmont
1538,19,Belmont
1539,18,Belmont
1540,18,Belmont
1541,18,Belmont
1542,18,Belmont
1543,18,Belmont
1544,17,Belmont
1545,17,Belmont
1546,17,Belmont
1547,17,Belmont
1548,17,Belmont
1549,17,Belmont
1550,17,Belmont
1551,17,Belmont
1552,17,Belmont
1553,16,Belmont
1554,16,Belmont
1555,16,Belmont
1556,16,Belmont
1557,16,Belmont
1558,16,Belmont
1559,16,Belmont
1560,16,Belmont
1561,16,Belmont
1562,15,Belmont
1563,15,Belmont
1564,15,Belmont
1565,15,Belmont
1566,15,Belmont
1567,15,Belmont
1568,15,Belmont
1569,15,Belmont
1570,15,Belmont
1571,15,Belmont
1572,15,Belmont
1573,15,Belmont
1574,14,Belmont
1575,14,Belmont
1576,14,Belmont
1577,14,Belmont
1578,14,Belmont
1579,14,Belmont
1580,14,Belmont
1581,14,Belmont
1582,14,Belmont
1583,14,Belmont
1584,14,Belmont
1585,14,Belmont
1586,14,Belmont
1587,14,Belmont
1588,14,Belmont
1589,14,Belmont
1590,14,Belmont
1591,14,Belmont
1592,13,Belmont
1593,13,Belmont
1594,13,Belmont
1595,13,Belmont
1596,13,Belmont
1597,13,Belmont
1598,13,Belmont
1599,13,Belmont
1600,13,Belmont
1601,13,Belmont
1602,13,Belmont
1603,13,Belmont
1604,13,Belmont
1605,13,Belmont
1606,13,Belmont
1607,13,Belmont
1608,13,Belmont
1609,13,Belmont
1610,13,Belmont
1611,13,Belmont
1612,12,Belmont
1613,12,Belmont
1614,12,Belmont
1615,12,Belmont
1616,12,Belmont
1617,12,Belmont
1618,12,Belmont
1619,12,Belmont
1620,12,Belmont
1621,12,Belmont
1622,12,Belmont
1623,11,Belmont
1624,11,Belmont
1625,11,Belmont
1626,11,Belmont
1627,11,Belmont
1628,11,Belmont
1629,11,Belmont
1630,11,Belmont
1631,11,Belmont
1632,11,Belmont
1633,11,Belmont
1634,11,Belmont
1635,11,Belmont
1636,11,Belmont
1637,11,Belmont
1638,11,Belmont
1639,11,Belmont
1640,11,Belmont
1641,11,Belmont
1642,11,Belmont
1643,11,Belmont
1644,10,Belmont
1645,10,Belmont
1646,10,Belmont
1647,10,Belmont
1648,10,Belmont
1649,10,Belmont
1650,10,Belmont
1651,10,Belmont
1652,10,Belmont
1653,10,Belmont
1654,10,Belmont
1655,10,Belmont
1656,10,Belmont
1657,10,Belmont
1658,10,Belmont
1659,10,Belmont
1660,10,Belmont
1661,9,Belmont
1662,9,Belmont
1663,9,Belmont
1664,9,Belmont
1665,9,Belmont
1666,9,Belmont
1667,9,Belmont
1668,9,Belmont
1669,9,Belmont
1670,9,Belmont
1671,9,Belmont
1672,9,Belmont
1673,9,Belmont
1674,9,Belmont
1675,9,Belmont
1676,9,Belmont
1677,9,Belmont
1678,9,Belmont
1679,9,Belmont
1680,9,Belmont
1681,9,Belmont
1682,9,Belmont
1683,9,Belmont
1684,9,Belmont
1685,9,Belmont
1686,8,Belmont
1687,8,Belmont
1688,8,Belmont
1689,8,Belmont
1690,8,Belmont
1691,8,Belmont
1692,8,Belmont
1693,8,Belmont
1694,8,Belmont
1695,8,Belmont
1696,8,Belmont
1697,8,Belmont
1698,8,Belmont
1699,8,Belmont
1700,8,Belmont
1701,8,Belmont
1702,8,Belmont
1703,8,Belmont
1704,8,Belmont
1705,8,Belmont
1706,8,Belmont
1707,8,Belmont
1708,8,Belmont
1709,8,Belmont
1710,8,Belmont
1711,8,Belmont
1712,8,Belmont
1713,8,Belmont
1714,8,Belmont
1715,8,Belmont
1716,8,Belmont
1717,8,Belmont
1718,8,Belmont
1719,8,Belmont
1720,8,Belmont
1721,8,Belmont
1722,7,Belmont
1723,7,Belmont
1724,7,Belmont
1725,7,Belmont
1726,7,Belmont
1727,7,Belmont
1728,7,Belmont
1729,7,Belmont
1730,7,Belmont
1731,7,Belmont
1732,7,Belmont
1733,7,Belmont
1734,7,Belmont
1735,7,Belmont
1736,7,Belmont
1737,7,Belmont
1738,7,Belmont
1739,7,Belmont
1740,7,Belmont
1741,7,Belmont
1742,7,Belmont
1743,7,Belmont
1744,7,Belmont
1745,7,Belmont
1746,7,Belmont
1747,7,Belmont
1748,7,Belmont
1749,7,Belmont
1750,7,Belmont
1751,7,Belmont
1752,7,Belmont
1753,7,Belmont
1754,7,Belmont
1755,7,Belmont
1756,7,Belmont
1757,7,Belmont
1758,7,Belmont
1759,7,Belmont
1760,6,Belmont
1761,6,Belmont
1762,6,Belmont
1763,6,Belmont
1764,6,Belmont
1765,6,Belmont
1766,6,Belmont
1767,6,Belmont
1768,6,Belmont
1769,6,Belmont
1770,6,Belmont
1771,6,Belmont
1772,6,Belmont
1773,6,Belmont
1774,6,Belmont
1775,6,Belmont
1776,6,Belmont
1777,6,Belmont
1778,6,Belmont
1779,6,Belmont
1780,6,Belmont
1781,6,Belmont
1782,6,Belmont
1783,6,Belmont
1784,6,Belmont
1785,6,Belmont
1786,6,Belmont
1787,6,Belmont
1788,6,Belmont
1789,6,Belmont
1790,6,Belmont
1791,6,Belmont
1792,6,Belmont
1793,6,Belmont
1794,6,Belmont
1795,6,Belmont
1796,6,Belmont
1797,6,Belmont
1798,6,Belmont
1799,6,Belmont
1800,6,Belmont
1801,6,Belmont
1802,6,Belmont
1803,6,Belmont
1804,6,Belmont
1805,6,Belmont
1806,6,Belmont
1807,6,Belmont
1808,6,Belmont
1809,6,Belmont
1810,6,Belmont
1811,6,Belmont
1812,6,Belmont
1813,6,Belmont
1814,6,Belmont
1815,6,Belmont
1816,6,Belmont
1817,5,Belmont
1818,5,Belmont
1819,5,Belmont
1820,5,Belmont
1821,5,Belmont
1822,5,Belmont
1823,5,Belmont
1824,5,Belmont
1825,5,Belmont
1826,5,Belmont
1827,5,Belmont
1828,5,Belmont
1829,5,Belmont
1830,5,Belmont
1831,5,Belmont
1832,5,Belmont
1833,5,Belmont
1834,5,Belmont
1835,5,Belmont
1836,5,Belmont
1837,5,Belmont
1838,5,Belmont
1839,5,Belmont
1840,5,Belmont
1841,5,Belmont
1842,5,Belmont
1843,5,Belmont
1844,5,Belmont
1845,5,Belmont
1846,5,Belmont
1847,5,Belmont
1848,5,Belmont
1849,5,Belmont
1850,5,Belmont
1851,5,Belmont
1852,5,Belmont
1853,5,Belmont
1854,5,Belmont
1855,5,Belmont
1856,5,Belmont
1857,5,Belmont
1858,5,Belmont
1859,5,Belmont
1860,5,Belmont
1861,5,Belmont
1862,5,Belmont
1863,5,Belmont
1864,5,Belmont
1865,5,Belmont
1866,5,Belmont
1867,5,Belmont
1868,5,Belmont
1869,5,Belmont
1870,5,Belmont
1871,5,Belmont
1872,5,Belmont
1873,5,Belmont
1874,5,Belmont
1875,5,Belmont
1876,5,Belmont
1877,5,Belmont
1878,5,Belmont
1879,5,Belmont
1880,5,Belmont
1881,5,Belmont
1882,5,Belmont
1883,5,Belmont
1884,5,Belmont
1885,5,Belmont
1886,5,Belmont
1887,5,Belmont
1888,5,Belmont
1889,5,Belmont
1890,5,Belmont
1891,5,Belmont
1892,4,Belmont
1893,4,Belmont
1894,4,Belmont
1895,4,Belmont
1896,4,Belmont
1897,4,Belmont
1898,4,Belmont
1899,4,Belmont
1900,4,Belmont
1901,4,Belmont
1902,4,Belmont
1903,4,Belmont
1904,4,Belmont
1905,4,Belmont
1906,4,Belmont
1907,4,Belmont
1908,4,Belmont
1909,4,Belmont
1910,4,Belmont
1911,4,Belmont
1912,4,Belmont
1913,4,Belmont
1914,4,Belmont
1915,4,Belmont
1916,4,Belmont
1917,4,Belmont
1918,4,Belmont
1919,4,Belmont
1920,4,Belmont
1921,4,Belmont
1922,4,Belmont
1923,4,Belmont
1924,4,Belmont
1925,4,Belmont
1926,4,Belmont
1927,4,Belmont
1928,4,Belmont
1929,4,Belmont
1930,4,Belmont
1931,4,Belmont
1932,4,Belmont
1933,4,Belmont
1934,4,Belmont
1935,4,Belmont
1936,4,Belmont
1937,4,Belmont
1938,4,Belmont
1939,4,Belmont
1940,4,Belmont
1941,4,Belmont
1942,4,Belmont
1943,4,Belmont
1944,4,Belmont
1945,4,Belmont
1946,4,Belmont
1947,4,Belmont
1948,4,Belmont
1949,4,Belmont
1950,4,Belmont
1951,4,Belmont
1952,4,Belmont
1953,4,Belmont
1954,4,Belmont
1955,4,Belmont
1956,4,Belmont
1957,4,Belmont
1958,4,Belmont
1959,4,Belmont
1960,4,Belmont
1961,4,Belmont
1962,4,Belmont
1963,4,Belmont
1964,4,Belmont
1965,4,Belmont
1966,4,Belmont
1967,4,Belmont
1968,4,Belmont
1969,4,Belmont
1970,4,Belmont
1971,4,Belmont
1972,4,Belmont
1973,4,Belmont
1974,4,Belmont
1975,4,Belmont
1976,4,Belmont
1977,4,Belmont
1978,4,Belmont
1979,4,Belmont
1980,4,Belmont
1981,4,Belmont
1982,4,Belmont
1983,4,Belmont
1984,4,Belmont
1985,4,Belmont
1986,4,Belmont
1987,4,Belmont
1988,4,Belmont
1989,4,Belmont
1990,4,Belmont
1991,4,Belmont
1992,4,Belmont
1993,4,Belmont
1994,4,Belmont
1995,4,Belmont
1996,4,Belmont
1997,4,Belmont
1998,4,Belmont
1999,4,Belmont
2000,4,Belmont
2001,4,Belmont
2002,4,Belmont
2003,4,Belmont
2004,4,Belmont
2005,4,Belmont
2006,4,Belmont
2007,4,Belmont
2008,4,Belmont
2009,4,Belmont
2010,4,Belmont
2011,4,Belmont
2012,4,Belmont
2013,4,Belmont
2014,4,Belmont
2015,4,Belmont
2016,4,Belmont
2017,3,Belmont
2018,3,Belmont
2019,3,Belmont
2020,3,Belmont
2021,3,Belmont
2022,3,Belmont
2023,3,Belmont
2024,3,Belmont
2025,3,Belmont
2026,3,Belmont
2027,3,Belmont
2028,3,Belmont
2029,3,Belmont
2030,3,Belmont
2031,3,Belmont
2032,3,Belmont
2033,3,Belmont
2034,3,Belmont
2035,3,Belmont
2036,3,Belmont
2037,3,Belmont
2038,3,Belmont
2039,3,Belmont
2040,3,Belmont
2041,3,Belmont
2042,3,Belmont
2043,3,Belmont
2044,3,Belmont
2045,3,Belmont
2046,3,Belmont
2047,3,Belmont
2048,3,Belmont
2049,3,Belmont
2050,3,Belmont
2051,3,Belmont
2052,3,Belmont
2053,3,Belmont
2054,3,Belmont
2055,3,Belmont
2056,3,Belmont
2057,3,Belmont
2058,3,Belmont
2059,3,Belmont
2060,3,Belmont
2061,3,Belmont
2062,3,Belmont
2063,3,Belmont
2064,3,Belmont
2065,3,Belmont
2066,3,Belmont
2067,3,Belmont
2068,3,Belmont
2069,3,Belmont
2070,3,Belmont
2071,3,Belmont
2072,3,Belmont
2073,3,Belmont
2074,3,Belmont
2075,3,Belmont
2076,3,Belmont
2077,3,Belmont
2078,3,Belmont
2079,3,Belmont
2080,3,Belmont
2081,3,Belmont
2082,3,Belmont
2083,3,Belmont
2084,3,Belmont
2085,3,Belmont
2086,3,Belmont
2087,3,Belmont
2088,3,Belmont
2089,3,Belmont
2090,3,Belmont
2091,3,Belmont
2092,3,Belmont
2093,3,Belmont
2094,3,Belmont
2095,3,Belmont
2096,3,Belmont
2097,3,Belmont
2098,3,Belmont
2099,3,Belmont
2100,3,Belmont
2101,3,Belmont
2102,3,Belmont
2103,3,Belmont
2104,3,Belmont
2105,3,Belmont
2106,3,Belmont
2107,3,Belmont
2108,3,Belmont
2109,3,Belmont
2110,3,Belmont
2111,3,Belmont
2112,3,Belmont
2113,3,Belmont
2114,3,Belmont
2115,3,Belmont
2116,3,Belmont
2117,3,Belmont
2118,3,Belmont
2119,3,Belmont
2120,3,Belmont
2121,3,Belmont
2122,3,Belmont
2123,3,Belmont
2124,3,Belmont
2125,3,Belmont
2126,3,Belmont
2127,3,Belmont
2128,3,Belmont
2129,3,Belmont
2130,3,Belmont
2131,3,Belmont
2132,3,Belmont
2133,3,Belmont
2134,3,Belmont
2135,3,Belmont
2136,3,Belmont
2137,3,Belmont
2138,3,Belmont
2139,3,Belmont
2140,3,Belmont
2141,3,Belmont
2142,3,Belmont
2143,3,Belmont
2144,3,Belmont
2145,3,Belmont
2146,3,Belmont
2147,3,Belmont
2148,3,Belmont
2149,3,Belmont
2150,3,Belmont
2151,3,Belmont
2152,3,Belmont
2153,3,Belmont
2154,3,Belmont
2155,3,Belmont
2156,3,Belmont
2157,3,Belmont
2158,3,Belmont
2159,3,Belmont
2160,3,Belmont
2161,3,Belmont
2162,3,Belmont
2163,3,Belmont
2164,3,Belmont
2165,3,Belmont
2166,3,Belmont
2167,3,Belmont
2168,3,Belmont
2169,3,Belmont
2170,3,Belmont
2171,3,Belmont
2172,3,Belmont
2173,3,Belmont
2174,3,Belmont
2175,3,Belmont
2176,3,Belmont
2177,3,Belmont
2178,3,Belmont
2179,3,Belmont
2180,3,Belmont
2181,3,Belmont
2182,3,Belmont
2183,3,Belmont
2184,3,Belmont
2185,2,Belmont
2186,2,Belmont
2187,2,Belmont
2188,2,Belmont
2189,2,Belmont
2190,2,Belmont
2191,2,Belmont
2192,2,Belmont
2193,2,Belmont
2194,2,Belmont
2195,2,Belmont
2196,2,Belmont
2197,2,Belmont
2198,2,Belmont
2199,2,Belmont
2200,2,Belmont
2201,2,Belmont
2202,2,Belmont
2203,2,Belmont
2204,2,Belmont
2205,2,Belmont
2206,2,Belmont
2207,2,Belmont
2208,2,Belmont
2209,2,Belmont
2210,2,Belmont
2211,2,Belmont
2212,2,Belmont
2213,2,Belmont
2214,2,Belmont
2215,2,Belmont
2216,2,Belmont
2217,2,Belmont
2218,2,Belmont
2219,2,Belmont
2220,2,Belmont
2221,2,Belmont
2222,2,Belmont
2223,2,Belmont
2224,2,Belmont
2225,2,Belmont
2226,2,Belmont
2227,2,Belmont
2228,2,Belmont
2229,2,Belmont
2230,2,Belmont
2231,2,Belmont
2232,2,Belmont
2233,2,Belmont
2234,2,Belmont
2235,2,Belmont
2236,2,Belmont
2237,2,Belmont
2238,2,Belmont
2239,2,Belmont
2240,2,Belmont
2241,2,Belmont
2242,2,Belmont
2243,2,Belmont
2244,2,Belmont
2245,2,Belmont
2246,2,Belmont
2247,2,Belmont
2248,2,Belmont
2249,2,Belmont
2250,2,Belmont
2251,2,Belmont
2252,2,Belmont
2253,2,Belmont
2254,2,Belmont
2255,2,Belmont
2256,2,Belmont
2257,2,Belmont
2258,2,Belmont
2259,2,Belmont
2260,2,Belmont
2261,2,Belmont
2262,2,Belmont
2263,2,Belmont
2264,2,Belmont
2265,2,Belmont
2266,2,Belmont
2267,2,Belmont
2268,2,Belmont
2269,2,Belmont
2270,2,Belmont
2271,2,Belmont
2272,2,Belmont
2273,2,Belmont
2274,2,Belmont
2275,2,Belmont
2276,2,Belmont
2277,2,Belmont
2278,2,Belmont
2279,2,Belmont
2280,2,Belmont
2281,2,Belmont
2282,2,Belmont
2283,2,Belmont
2284,2,Belmont
2285,2,Belmont
2286,2,Belmont
2287,2,Belmont
2288,2,Belmont
2289,2,Belmont
2290,2,Belmont
2291,2,Belmont
2292,2,Belmont
2293,2,Belmont
2294,2,Belmont
2295,2,Belmont
2296,2,Belmont
2297,2,Belmont
2298,2,Belmont
2299,2,Belmont
2300,2,Belmont
2301,2,Belmont
2302,2,Belmont
2303,2,Belmont
2304,2,Belmont
2305,2,Belmont
2306,2,Belmont
2307,2,Belmont
2308,2,Belmont
2309,2,Belmont
2310,2,Belmont
2311,2,Belmont
2312,2,Belmont
2313,2,Belmont
2314,2,Belmont
2315,2,Belmont
2316,2,Belmont
2317,2,Belmont
2318,2,Belmont
2319,2,Belmont
2320,2,Belmont
2321,2,Belmont
2322,2,Belmont
2323,2,Belmont
2324,2,Belmont
2325,2,Belmont
2326,2,Belmont
2327,2,Belmont
2328,2,Belmont
2329,2,Belmont
2330,2,Belmont
2331,2,Belmont
2332,2,Belmont
2333,2,Belmont
2334,2,Belmont
2335,2,Belmont
2336,2,Belmont
2337,2,Belmont
2338,2,Belmont
2339,2,Belmont
2340,2,Belmont
2341,2,Belmont
2342,2,Belmont
2343,2,Belmont
2344,2,Belmont
2345,2,Belmont
2346,2,Belmont
2347,2,Belmont
2348,2,Belmont
2349,2,Belmont
2350,2,Belmont
2351,2,Belmont
2352,2,Belmont
2353,2,Belmont
2354,2,Belmont
2355,2,Belmont
2356,2,Belmont
2357,2,Belmont
2358,2,Belmont
2359,2,Belmont
2360,2,Belmont
2361,2,Belmont
2362,2,Belmont
2363,2,Belmont
2364,2,Belmont
2365,2,Belmont
2366,2,Belmont
2367,2,Belmont
2368,2,Belmont
2369,2,Belmont
2370,2,Belmont
2371,2,Belmont
2372,2,Belmont
2373,2,Belmont
2374,2,Belmont
2375,2,Belmont
2376,2,Belmont
2377,2,Belmont
2378,2,Belmont
2379,2,Belmont
2380,2,Belmont
2381,2,Belmont
2382,2,Belmont
2383,2,Belmont
2384,2,Belmont
2385,2,Belmont
2386,2,Belmont
2387,2,Belmont
2388,2,Belmont
2389,2,Belmont
2390,2,Belmont
2391,2,Belmont
2392,2,Belmont
2393,2,Belmont
2394,2,Belmont
2395,2,Belmont
2396,2,Belmont
2397,2,Belmont
2398,2,Belmont
2399,2,Belmont
2400,2,Belmont
2401,2,Belmont
2402,2,Belmont
2403,2,Belmont
2404,2,Belmont
2405,2,Belmont
2406,2,Belmont
2407,2,Belmont
2408,2,Belmont
2409,2,Belmont
2410,2,Belmont
2411,2,Belmont
2412,2,Belmont
2413,2,Belmont
2414,2,Belmont
2415,2,Belmont
2416,2,Belmont
2417,2,Belmont
2418,2,Belmont
2419,2,Belmont
2420,2,Belmont
2421,2,Belmont
2422,2,Belmont
2423,2,Belmont
2424,2,Belmont
2425,2,Belmont
2426,2,Belmont
2427,2,Belmont
2428,2,Belmont
2429,2,Belmont
2430,2,Belmont
2431,2,Belmont
2432,2,Belmont
2433,2,Belmont
2434,2,Belmont
2435,2,Belmont
2436,2,Belmont
2437,2,Belmont
2438,2,Belmont
2439,2,Belmont
2440,2,Belmont
2441,2,Belmont
2442,2,Belmont
2443,2,Belmont
2444,2,Belmont
2445,2,Belmont
2446,2,Belmont
2447,2,Belmont
2448,2,Belmont
2449,2,Belmont
2450,2,Belmont
2451,2,Belmont
2452,2,Belmont
2453,2,Belmont
2454,2,Belmont
2455,2,Belmont
2456,2,Belmont
2457,2,Belmont
2458,2,Belmont
2459,2,Belmont
2460,2,Belmont
2461,2,Belmont
2462,2,Belmont
2463,2,Belmont
2464,2,Belmont
2465,2,Belmont
2466,2,Belmont
2467,2,Belmont
2468,2,Belmont
2469,2,Belmont
2470,2,Belmont
2471,2,Belmont
2472,2,Belmont
2473,2,Belmont
2474,2,Belmont
2475,2,Belmont
2476,2,Belmont
2477,2,Belmont
2478,2,Belmont
2479,2,Belmont
2480,2,Belmont
2481,2,Belmont
2482,2,Belmont
2483,2,Belmont
2484,2,Belmont
2485,2,Belmont
2486,2,Belmont
2487,2,Belmont
2488,2,Belmont
2489,2,Belmont
2490,2,Belmont
2491,2,Belmont
2492,2,Belmont
2493,2,Belmont
2494,2,Belmont
2495,2,Belmont
2496,2,Belmont
2497,2,Belmont
2498,2,Belmont
2499,2,Belmont
2500,2,Belmont
2501,2,Belmont
2502,2,Belmont
2503,2,Belmont
2504,2,Belmont
2505,2,Belmont
2506,2,Belmont
2507,2,Belmont
2508,2,Belmont
2509,2,Belmont
2510,2,Belmont
2511,2,Belmont
2512,2,Belmont
2513,2,Belmont
2514,2,Belmont
2515,2,Belmont
2516,2,Belmont
2517,2,Belmont
2518,2,Belmont
2519,2,Belmont
2520,2,Belmont
2521,2,Belmont
2522,2,Belmont
2523,2,Belmont
2524,2,Belmont
2525,2,Belmont
2526,2,Belmont
2527,2,Belmont
2528,2,Belmont
2529,2,Belmont
2530,2,Belmont
2531,2,Belmont
2532,2,Belmont
2533,2,Belmont
2534,2,Belmont
2535,2,Belmont
2536,2,Belmont
2537,2,Belmont
2538,2,Belmont
2539,2,Belmont
2540,2,Belmont
2541,2,Belmont
2542,2,Belmont
2543,2,Belmont
2544,2,Belmont
2545,2,Belmont
2546,2,Belmont
2547,2,Belmont
2548,2,Belmont
2549,2,Belmont
2550,2,Belmont
2551,2,Belmont
2552,2,Belmont
2553,2,Belmont
2554,2,Belmont
2555,2,Belmont
2556,2,Belmont
2557,2,Belmont
2558,2,Belmont
2559,2,Belmont
2560,2,Belmont
2561,2,Belmont
2562,2,Belmont
2563,2,Belmont
2564,2,Belmont
2565,2,Belmont
2566,2,Belmont
2567,2,Belmont
2568,2,Belmont
2569,2,Belmont
2570,2,Belmont
2571,2,Belmont
2572,2,Belmont
2573,2,Belmont
2574,2,Belmont
2575,2,Belmont
2576,2,Belmont
2577,2,Belmont
2578,2,Belmont
2579,2,Belmont
2580,2,Belmont
2581,2,Belmont
2582,2,Belmont
2583,2,Belmont
2584,2,Belmont
2585,2,Belmont
2586,2,Belmont
2587,2,Belmont
2588,2,Belmont
2589,2,Belmont
2590,2,Belmont
2591,2,Belmont
2592,2,Belmont
2593,2,Belmont
2594,2,Belmont
2595,2,Belmont
2596,2,Belmont
2597,2,Belmont
2598,2,Belmont
2599,2,Belmont
2600,2,Belmont
2601,2,Belmont
2602,2,Belmont
2603,2,Belmont
2604,2,Belmont
2605,2,Belmont
2606,2,Belmont
2607,2,Belmont
2608,2,Belmont
2609,2,Belmont
2610,2,Belmont
2611,2,Belmont
2612,1,Belmont
2613,1,Belmont
2614,1,Belmont
2615,1,Belmont
2616,1,Belmont
2617,1,Belmont
2618,1,Belmont
2619,1,Belmont
2620,1,Belmont
2621,1,Belmont
2622,1,Belmont
2623,1,Belmont
2624,1,Belmont
2625,1,Belmont
2626,1,Belmont
2627,1,Belmont
2628,1,Belmont
2629,1,Belmont
2630,1,Belmont
2631,1,Belmont
2632,1,Belmont
2633,1,Belmont
2634,1,Belmont
2635,1,Belmont
2636,1,Belmont
2637,1,Belmont
2638,1,Belmont
2639,1,Belmont
2640,1,Belmont
2641,1,Belmont
2642,1,Belmont
2643,1,Belmont
2644,1,Belmont
2645,1,Belmont
2646,1,Belmont
2647,1,Belmont
2648,1,Belmont
2649,1,Belmont
2650,1,Belmont
2651,1,Belmont
2652,1,Belmont
2653,1,Belmont
2654,1,Belmont
2655,1,Belmont
2656,1,Belmont
2657,1,Belmont
2658,1,Belmont
2659,1,Belmont
2660,1,Belmont
2661,1,Belmont
2662,1,Belmont
2663,1,Belmont
2664,1,Belmont
2665,1,Belmont
2666,1,Belmont
2667,1,Belmont
2668,1,Belmont
2669,1,Belmont
2670,1,Belmont
2671,1,Belmont
2672,1,Belmont
2673,1,Belmont
2674,1,Belmont
2675,1,Belmont
2676,1,Belmont
2677,1,Belmont
2678,1,Belmont
2679,1,Belmont
2680,1,Belmont
2681,1,Belmont
2682,1,Belmont
2683,1,Belmont
2684,1,Belmont
2685,1,Belmont
2686,1,Belmont
2687,1,Belmont
2688,1,Belmont
2689,1,Belmont
2690,1,Belmont
2691,1,Belmont
2692,1,Belmont
2693,1,Belmont
2694,1,Belmont
2695,1,Belmont
2696,1,Belmont
2697,1,Belmont
2698,1,Belmont
2699,1,Belmont
2700,1,Belmont
2701,1,Belmont
2702,1,Belmont
2703,1,Belmont
2704,1,Belmont
2705,1,Belmont
2706,1,Belmont
2707,1,Belmont
2708,1,Belmont
2709,1,Belmont
2710,1,Belmont
2711,1,Belmont
2712,1,Belmont
2713,1,Belmont
2714,1,Belmont
2715,1,Belmont
2716,1,Belmont
2717,1,Belmont
2718,1,Belmont
2719,1,Belmont
2720,1,Belmont
2721,1,Belmont
2722,1,Belmont
2723,1,Belmont
2724,1,Belmont
2725,1,Belmont
2726,1,Belmont
2727,1,Belmont
2728,1,Belmont
2729,1,Belmont
2730,1,Belmont
2731,1,Belmont
2732,1,Belmont
2733,1,Belmont
2734,1,Belmont
2735,1,Belmont
2736,1,Belmont
2737,1,Belmont
2738,1,Belmont
2739,1,Belmont
2740,1,Belmont
2741,1,Belmont
2742,1,Belmont
2743,1,Belmont
2744,1,Belmont
2745,1,Belmont
2746,1,Belmont
2747,1,Belmont
2748,1,Belmont
2749,1,Belmont
2750,1,Belmont
2751,1,Belmont
2752,1,Belmont
2753,1,Belmont
2754,1,Belmont
2755,1,Belmont
2756,1,Belmont
2757,1,Belmont
2758,1,Belmont
2759,1,Belmont
2760,1,Belmont
2761,1,Belmont
2762,1,Belmont
2763,1,Belmont
2764,1,Belmont
2765,1,Belmont
2766,1,Belmont
2767,1,Belmont
2768,1,Belmont
2769,1,Belmont
2770,1,Belmont
2771,1,Belmont
2772,1,Belmont
2773,1,Belmont
2774,1,Belmont
2775,1,Belmont
2776,1,Belmont
2777,1,Belmont
2778,1,Belmont
2779,1,Belmont
2780,1,Belmont
2781,1,Belmont
2782,1,Belmont
2783,1,Belmont
2784,1,Belmont
2785,1,Belmont
2786,1,Belmont
2787,1,Belmont
2788,1,Belmont
2789,1,Belmont
2790,1,Belmont
2791,1,Belmont
2792,1,Belmont
2793,1,Belmont
2794,1,Belmont
2795,1,Belmont
2796,1,Belmont
2797,1,Belmont
2798,1,Belmont
2799,1,Belmont
2800,1,Belmont
2801,1,Belmont
2802,1,Belmont
2803,1,Belmont
2804,1,Belmont
2805,1,Belmont
2806,1,Belmont
2807,1,Belmont
2808,1,Belmont
2809,1,Belmont
2810,1,Belmont
2811,1,Belmont
2812,1,Belmont
2813,1,Belmont
2814,1,Belmont
2815,1,Belmont
2816,1,Belmont
2817,1,Belmont
2818,1,Belmont
2819,1,Belmont
2820,1,Belmont
2821,1,Belmont
2822,1,Belmont
2823,1,Belmont
2824,1,Belmont
2825,1,Belmont
2826,1,Belmont
2827,1,Belmont
2828,1,Belmont
2829,1,Belmont
2830,1,Belmont
2831,1,Belmont
2832,1,Belmont
2833,1,Belmont
2834,1,Belmont
2835,1,Belmont
2836,1,Belmont
2837,1,Belmont
2838,1,Belmont
2839,1,Belmont
2840,1,Belmont
2841,1,Belmont
2842,1,Belmont
2843,1,Belmont
2844,1,Belmont
2845,1,Belmont
2846,1,Belmont
2847,1,Belmont
2848,1,Belmont
2849,1,Belmont
2850,1,Belmont
2851,1,Belmont
2852,1,Belmont
2853,1,Belmont
2854,1,Belmont
2855,1,Belmont
2856,1,Belmont
2857,1,Belmont
2858,1,Belmont
2859,1,Belmont
2860,1,Belmont
2861,1,Belmont
2862,1,Belmont
2863,1,Belmont
2864,1,Belmont
2865,1,Belmont
2866,1,Belmont
2867,1,Belmont
2868,1,Belmont
2869,1,Belmont
2870,1,Belmont
2871,1,Belmont
2872,1,Belmont
2873,1,Belmont
2874,1,Belmont
2875,1,Belmont
2876,1,Belmont
2877,1,Belmont
2878,1,Belmont
2879,1,Belmont
2880,1,Belmont
2881,1,Belmont
2882,1,Belmont
2883,1,Belmont
2884,1,Belmont
2885,1,Belmont
2886,1,Belmont
2887,1,Belmont
2888,1,Belmont
2889,1,Belmont
2890,1,Belmont
2891,1,Belmont
2892,1,Belmont
2893,1,Belmont
2894,1,Belmont
2895,1,Belmont
2896,1,Belmont
2897,1,Belmont
2898,1,Belmont
2899,1,Belmont
2900,1,Belmont
2901,1,Belmont
2902,1,Belmont
2903,1,Belmont
2904,1,Belmont
2905,1,Belmont
2906,1,Belmont
2907,1,Belmont
2908,1,Belmont
2909,1,Belmont
2910,1,Belmont
2911,1,Belmont
2912,1,Belmont
2913,1,Belmont
2914,1,Belmont
2915,1,Belmont
2916,1,Belmont
2917,1,Belmont
2918,1,Belmont
2919,1,Belmont
2920,1,Belmont
2921,1,Belmont
2922,1,Belmont
2923,1,Belmont
2924,1,Belmont
2925,1,Belmont
2926,1,Belmont
2927,1,Belmont
2928,1,Belmont
2929,1,Belmont
2930,1,Belmont
2931,1,Belmont
2932,1,Belmont
2933,1,Belmont
2934,1,Belmont
2935,1,Belmont
2936,1,Belmont
2937,1,Belmont
2938,1,Belmont
2939,1,Belmont
2940,1,Belmont
2941,1,Belmont
2942,1,Belmont
2943,1,Belmont
2944,1,Belmont
2945,1,Belmont
2946,1,Belmont
2947,1,Belmont
2948,1,Belmont
2949,1,Belmont
2950,1,Belmont
2951,1,Belmont
2952,1,Belmont
2953,1,Belmont
2954,1,Belmont
2955,1,Belmont
2956,1,Belmont
2957,1,Belmont
2958,1,Belmont
2959,1,Belmont
2960,1,Belmont
2961,1,Belmont
2962,1,Belmont
2963,1,Belmont
2964,1,Belmont
2965,1,Belmont
2966,1,Belmont
2967,1,Belmont
2968,1,Belmont
2969,1,Belmont
2970,1,Belmont
2971,1,Belmont
2972,1,Belmont
2973,1,Belmont
2974,1,Belmont
2975,1,Belmont
2976,1,Belmont
2977,1,Belmont
2978,1,Belmont
2979,1,Belmont
2980,1,Belmont
2981,1,Belmont
2982,1,Belmont
2983,1,Belmont
2984,1,Belmont
2985,1,Belmont
2986,1,Belmont
2987,1,Belmont
2988,1,Belmont
2989,1,Belmont
2990,1,Belmont
2991,1,Belmont
2992,1,Belmont
2993,1,Belmont
2994,1,Belmont
2995,1,Belmont
2996,1,Belmont
2997,1,Belmont
2998,1,Belmont
2999,1,Belmont
3000,1,Belmont
3001,1,Belmont
3002,1,Belmont
3003,1,Belmont
3004,1,Belmont
3005,1,Belmont
3006,1,Belmont
3007,1,Belmont
3008,1,Belmont
3009,1,Belmont
3010,1,Belmont
3011,1,Belmont
3012,1,Belmont
3013,1,Belmont
3014,1,Belmont
3015,1,Belmont
3016,1,Belmont
3017,1,Belmont
3018,1,Belmont
3019,1,Belmont
3020,1,Belmont
3021,1,Belmont
3022,1,Belmont
3023,1,Belmont
3024,1,Belmont
3025,1,Belmont
3026,1,Belmont
3027,1,Belmont
3028,1,Belmont
3029,1,Belmont
3030,1,Belmont
3031,1,Belmont
3032,1,Belmont
3033,1,Belmont
3034,1,Belmont
3035,1,Belmont
3036,1,Belmont
3037,1,Belmont
3038,1,Belmont
3039,1,Belmont
3040,1,Belmont
3041,1,Belmont
3042,1,Belmont
3043,1,Belmont
3044,1,Belmont
3045,1,Belmont
3046,1,Belmont
3047,1,Belmont
3048,1,Belmont
3049,1,Belmont
3050,1,Belmont
3051,1,Belmont
3052,1,Belmont
3053,1,Belmont
3054,1,Belmont
3055,1,Belmont
3056,1,Belmont
3057,1,Belmont
3058,1,Belmont
3059,1,Belmont
3060,1,Belmont
3061,1,Belmont
3062,1,Belmont
3063,1,Belmont
3064,1,Belmont
3065,1,Belmont
3066,1,Belmont
3067,1,Belmont
3068,1,Belmont
3069,1,Belmont
3070,1,Belmont
3071,1,Belmont
3072,1,Belmont
3073,1,Belmont
3074,1,Belmont
3075,1,Belmont
3076,1,Belmont
3077,1,Belmont
3078,1,Belmont
3079,1,Belmont
3080,1,Belmont
3081,1,Belmont
3082,1,Belmont
3083,1,Belmont
3084,1,Belmont
3085,1,Belmont
3086,1,Belmont
3087,1,Belmont
3088,1,Belmont
3089,1,Belmont
3090,1,Belmont
3091,1,Belmont
3092,1,Belmont
3093,1,Belmont
3094,1,Belmont
3095,1,Belmont
3096,1,Belmont
3097,1,Belmont
3098,1,Belmont
3099,1,Belmont
3100,1,Belmont
3101,1,Belmont
3102,1,Belmont
3103,1,Belmont
3104,1,Belmont
3105,1,Belmont
3106,1,Belmont
3107,1,Belmont
3108,1,Belmont
3109,1,Belmont
3110,1,Belmont
3111,1,Belmont
3112,1,Belmont
3113,1,Belmont
3114,1,Belmont
3115,1,Belmont
3116,1,Belmont
3117,1,Belmont
3118,1,Belmont
3119,1,Belmont
3120,1,Belmont
3121,1,Belmont
3122,1,Belmont
3123,1,Belmont
3124,1,Belmont
3125,1,Belmont
3126,1,Belmont
3127,1,Belmont
3128,1,Belmont
3129,1,Belmont
3130,1,Belmont
3131,1,Belmont
3132,1,Belmont
3133,1,Belmont
3134,1,Belmont
3135,1,Belmont
3136,1,Belmont
3137,1,Belmont
3138,1,Belmont
3139,1,Belmont
3140,1,Belmont
3141,1,Belmont
3142,1,Belmont
3143,1,Belmont
3144,1,Belmont
3145,1,Belmont
3146,1,Belmont
3147,1,Belmont
3148,1,Belmont
3149,1,Belmont
3150,1,Belmont
3151,1,Belmont
3152,1,Belmont
3153,1,Belmont
3154,1,Belmont
3155,1,Belmont
3156,1,Belmont
3157,1,Belmont
3158,1,Belmont
3159,1,Belmont
3160,1,Belmont
3161,1,Belmont
3162,1,Belmont
3163,1,Belmont
3164,1,Belmont
3165,1,Belmont
3166,1,Belmont
3167,1,Belmont
3168,1,Belmont
3169,1,Belmont
3170,1,Belmont
3171,1,Belmont
3172,1,Belmont
3173,1,Belmont
3174,1,Belmont
3175,1,Belmont
3176,1,Belmont
3177,1,Belmont
3178,1,Belmont
3179,1,Belmont
3180,1,Belmont
3181,1,Belmont
3182,1,Belmont
3183,1,Belmont
3184,1,Belmont
3185,1,Belmont
3186,1,Belmont
3187,1,Belmont
3188,1,Belmont
3189,1,Belmont
3190,1,Belmont
3191,1,Belmont
3192,1,Belmont
3193,1,Belmont
3194,1,Belmont
3195,1,Belmont
3196,1,Belmont
3197,1,Belmont
3198,1,Belmont
3199,1,Belmont
3200,1,Belmont
3201,1,Belmont
3202,1,Belmont
3203,1,Belmont
3204,1,Belmont
3205,1,Belmont
3206,1,Belmont
3207,1,Belmont
3208,1,Belmont
3209,1,Belmont
3210,1,Belmont
3211,1,Belmont
3212,1,Belmont
3213,1,Belmont
3214,1,Belmont
3215,1,Belmont
3216,1,Belmont
3217,1,Belmont
3218,1,Belmont
3219,1,Belmont
3220,1,Belmont
3221,1,Belmont
3222,1,Belmont
3223,1,Belmont
3224,1,Belmont
3225,1,Belmont
3226,1,Belmont
3227,1,Belmont
3228,1,Belmont
3229,1,Belmont
3230,1,Belmont
3231,1,Belmont
3232,1,Belmont
3233,1,Belmont
3234,1,Belmont
3235,1,Belmont
3236,1,Belmont
3237,1,Belmont
3238,1,Belmont
3239,1,Belmont
3240,1,Belmont
3241,1,Belmont
3242,1,Belmont
3243,1,Belmont
3244,1,Belmont
3245,1,Belmont
3246,1,Belmont
3247,1,Belmont
3248,1,Belmont
3249,1,Belmont
3250,1,Belmont
3251,1,Belmont
3252,1,Belmont
3253,1,Belmont
3254,1,Belmont
3255,1,Belmont
3256,1,Belmont
3257,1,Belmont
3258,1,Belmont
3259,1,Belmont
3260,1,Belmont
3261,1,Belmont
3262,1,Belmont
3263,1,Belmont
3264,1,Belmont
3265,1,Belmont
3266,1,Belmont
3267,1,Belmont
3268,1,Belmont
3269,1,Belmont
3270,1,Belmont
3271,1,Belmont
3272,1,Belmont
3273,1,Belmont
3274,1,Belmont
3275,1,Belmont
3276,1,Belmont
3277,1,Belmont
3278,1,Belmont
3279,1,Belmont
3280,1,Belmont
3281,1,Belmont
3282,1,Belmont
3283,1,Belmont
3284,1,Belmont
3285,1,Belmont
3286,1,Belmont
3287,1,Belmont
3288,1,Belmont
3289,1,Belmont
3290,1,Belmont
3291,1,Belmont
3292,1,Belmont
3293,1,Belmont
3294,1,Belmont
3295,1,Belmont
3296,1,Belmont
3297,1,Belmont
3298,1,Belmont
3299,1,Belmont
3300,1,Belmont
3301,1,Belmont
3302,1,Belmont
3303,1,Belmont
3304,1,Belmont
3305,1,Belmont
3306,1,Belmont
3307,1,Belmont
3308,1,Belmont
3309,1,Belmont
3310,1,Belmont
3311,1,Belmont
3312,1,Belmont
3313,1,Belmont
3314,1,Belmont
3315,1,Belmont
3316,1,Belmont
3317,1,Belmont
3318,1,Belmont
3319,1,Belmont
3320,1,Belmont
3321,1,Belmont
3322,1,Belmont
3323,1,Belmont
3324,1,Belmont
3325,1,Belmont
3326,1,Belmont
3327,1,Belmont
3328,1,Belmont
3329,1,Belmont
3330,1,Belmont
3331,1,Belmont
3332,1,Belmont
3333,1,Belmont
3334,1,Belmont
3335,1,Belmont
3336,1,Belmont
3337,1,Belmont
3338,1,Belmont
3339,1,Belmont
3340,1,Belmont
3341,1,Belmont
3342,1,Belmont
3343,1,Belmont
3344,1,Belmont
3345,1,Belmont
3346,1,Belmont
3347,1,Belmont
3348,1,Belmont
3349,1,Belmont
3350,1,Belmont
3351,1,Belmont
3352,1,Belmont
3353,1,Belmont
3354,1,Belmont
3355,1,Belmont
3356,1,Belmont
3357,1,Belmont
3358,1,Belmont
3359,1,Belmont
3360,1,Belmont
3361,1,Belmont
3362,1,Belmont
3363,1,Belmont
3364,1,Belmont
3365,1,Belmont
3366,1,Belmont
3367,1,Belmont
3368,1,Belmont
3369,1,Belmont
3370,1,Belmont
3371,1,Belmont
3372,1,Belmont
3373,1,Belmont
3374,1,Belmont
3375,1,Belmont
3376,1,Belmont
3377,1,Belmont
3378,1,Belmont
3379,1,Belmont
3380,1,Belmont
3381,1,Belmont
3382,1,Belmont
3383,1,Belmont
3384,1,Belmont
3385,1,Belmont
3386,1,Belmont
3387,1,Belmont
3388,1,Belmont
3389,1,Belmont
3390,1,Belmont
3391,1,Belmont
3392,1,Belmont
3393,1,Belmont
3394,1,Belmont
3395,1,Belmont
3396,1,Belmont
3397,1,Belmont
3398,1,Belmont
3399,1,Belmont
3400,1,Belmont
3401,1,Belmont
3402,1,Belmont
3403,1,Belmont
3404,1,Belmont
3405,1,Belmont
3406,1,Belmont
3407,1,Belmont
3408,1,Belmont
3409,1,Belmont
3410,1,Belmont
3411,1,Belmont
3412,1,Belmont
3413,1,Belmont
3414,1,Belmont
3415,1,Belmont
3416,1,Belmont
3417,1,Belmont
3418,1,Belmont
3419,1,Belmont
3420,1,Belmont
3421,1,Belmont
3422,1,Belmont
3423,1,Belmont
3424,1,Belmont
3425,1,Belmont
3426,1,Belmont
3427,1,Belmont
3428,1,Belmont
3429,1,Belmont
3430,1,Belmont
3431,1,Belmont
3432,1,Belmont
3433,1,Belmont
3434,1,Belmont
3435,1,Belmont
3436,1,Belmont
3437,1,Belmont
3438,1,Belmont
3439,1,Belmont
3440,1,Belmont
3441,1,Belmont
3442,1,Belmont
3443,1,Belmont
3444,1,Belmont
3445,1,Belmont
3446,1,Belmont
3447,1,Belmont
3448,1,Belmont
3449,1,Belmont
3450,1,Belmont
3451,1,Belmont
3452,1,Belmont
3453,1,Belmont
3454,1,Belmont
3455,1,Belmont
3456,1,Belmont
3457,1,Belmont
3458,1,Belmont
3459,1,Belmont
3460,1,Belmont
3461,1,Belmont
3462,1,Belmont
3463,1,Belmont
3464,1,Belmont
3465,1,Belmont
3466,1,Belmont
3467,1,Belmont
3468,1,Belmont
3469,1,Belmont
3470,1,Belmont
3471,1,Belmont
3472,1,Belmont
3473,1,Belmont
3474,1,Belmont
3475,1,Belmont
3476,1,Belmont
3477,1,Belmont
3478,1,Belmont
3479,1,Belmont
3480,1,Belmont
3481,1,Belmont
3482,1,Belmont
3483,1,Belmont
3484,1,Belmont
3485,1,Belmont
3486,1,Belmont
3487,1,Belmont
3488,1,Belmont
3489,1,Belmont
3490,1,Belmont
3491,1,Belmont
3492,1,Belmont
3493,1,Belmont
3494,1,Belmont
3495,1,Belmont
3496,1,Belmont
3497,1,Belmont
3498,1,Belmont
3499,1,Belmont
3500,1,Belmont
3501,1,Belmont
3502,1,Belmont
3503,1,Belmont
3504,1,Belmont
3505,1,Belmont
3506,1,Belmont
3507,1,Belmont
3508,1,Belmont
3509,1,Belmont
3510,1,Belmont
3511,1,Belmont
3512,1,Belmont
3513,1,Belmont
3514,1,Belmont
3515,1,Belmont
3516,1,Belmont
3517,1,Belmont
3518,1,Belmont
3519,1,Belmont
3520,1,Belmont
3521,1,Belmont
3522,1,Belmont
3523,1,Belmont
3524,1,Belmont
3525,1,Belmont
3526,1,Belmont
3527,1,Belmont
3528,1,Belmont
3529,1,Belmont
3530,1,Belmont
3531,1,Belmont
3532,1,Belmont
3533,1,Belmont
3534,1,Belmont
3535,1,Belmont
3536,1,Belmont
3537,1,Belmont
3538,1,Belmont
3539,1,Belmont
3540,1,Belmont
3541,1,Belmont
3542,1,Belmont
3543,1,Belmont
3544,1,Belmont
3545,1,Belmont
3546,1,Belmont
3547,1,Belmont
3548,1,Belmont
3549,1,Belmont
3550,1,Belmont
3551,1,Belmont
3552,1,Belmont
3553,1,Belmont
3554,1,Belmont
3555,1,Belmont
3556,1,Belmont
3557,1,Belmont
3558,1,Belmont
3559,1,Belmont
3560,1,Belmont
3561,1,Belmont
3562,1,Belmont
3563,1,Belmont
3564,1,Belmont
3565,1,Belmont
3566,1,Belmont
3567,1,Belmont
3568,1,Belmont
3569,1,Belmont
3570,1,Belmont
3571,1,Belmont
3572,1,Belmont
3573,1,Belmont
3574,1,Belmont
3575,1,Belmont
3576,1,Belmont
3577,1,Belmont
3578,1,Belmont
3579,1,Belmont
3580,1,Belmont
3581,1,Belmont
3582,1,Belmont
3583,1,Belmont
3584,1,Belmont
3585,1,Belmont
3586,1,Belmont
3587,1,Belmont
3588,1,Belmont
3589,1,Belmont
3590,1,Belmont
3591,1,Belmont
3592,1,Belmont
3593,1,Belmont
3594,1,Belmont
3595,1,Belmont
3596,1,Belmont
3597,1,Belmont
3598,1,Belmont
3599,1,Belmont
3600,1,Belmont
3601,1,Belmont
3602,1,Belmont
3603,1,Belmont
3604,1,Belmont
3605,1,Belmont
3606,1,Belmont
3607,1,Belmont
3608,1,Belmont
3609,1,Belmont
3610,1,Belmont
3611,1,Belmont
3612,1,Belmont
3613,1,Belmont
3614,1,Belmont
3615,1,Belmont
3616,1,Belmont
3617,1,Belmont
3618,1,Belmont
3619,1,Belmont
3620,1,Belmont
3621,1,Belmont
3622,1,Belmont
3623,1,Belmont
3624,1,Belmont
3625,1,Belmont
3626,1,Belmont
3627,1,Belmont
3628,1,Belmont
3629,1,Belmont
3630,1,Belmont
3631,1,Belmont
3632,1,Belmont
3633,1,Belmont
3634,1,Belmont
3635,1,Belmont
3636,1,Belmont
3637,1,Belmont
3638,1,Belmont
3639,1,Belmont
3640,1,Belmont
3641,1,Belmont
3642,1,Belmont
3643,1,Belmont
3644,1,Belmont
3645,1,Belmont
3646,1,Belmont
3647,1,Belmont
3648,1,Belmont
3649,1,Belmont
3650,1,Belmont
3651,1,Belmont
3652,1,Belmont
3653,1,Belmont
3654,1,Belmont
3655,1,Belmont
3656,1,Belmont
3657,1,Belmont
3658,1,Belmont
3659,1,Belmont
3660,1,Belmont
3661,1,Belmont
3662,1,Belmont
3663,1,Belmont
3664,1,Belmont
3665,1,Belmont
3666,1,Belmont
3667,1,Belmont
3668,1,Belmont
3669,1,Belmont
3670,1,Belmont
3671,1,Belmont
3672,1,Belmont
3673,1,Belmont
3674,1,Belmont
3675,1,Belmont
3676,1,Belmont
3677,1,Belmont
3678,1,Belmont
3679,1,Belmont
3680,1,Belmont
3681,1,Belmont
3682,1,Belmont
3683,1,Belmont
3684,1,Belmont
3685,1,Belmont
3686,1,Belmont
3687,1,Belmont
3688,1,Belmont
3689,1,Belmont
3690,1,Belmont
3691,1,Belmont
3692,1,Belmont
3693,1,Belmont
3694,1,Belmont
3695,1,Belmont
3696,1,Belmont
3697,1,Belmont
3698,1,Belmont
3699,1,Belmont
3700,1,Belmont
3701,1,Belmont
3702,1,Belmont
3703,1,Belmont
3704,1,Belmont
3705,1,Belmont
3706,1,Belmont
3707,1,Belmont
3708,1,Belmont
3709,1,Belmont
3710,1,Belmont
3711,1,Belmont
3712,1,Belmont
3713,1,Belmont
3714,1,Belmont
3715,1,Belmont
3716,1,Belmont
3717,1,Belmont
3718,1,Belmont
3719,1,Belmont
3720,1,Belmont
3721,1,Belmont
3722,1,Belmont
3723,1,Belmont
3724,1,Belmont
3725,1,Belmont
3726,1,Belmont
3727,1,Belmont
3728,1,Belmont
3729,1,Belmont
3730,1,Belmont
3731,1,Belmont
3732,1,Belmont
3733,1,Belmont
3734,1,Belmont
3735,1,Belmont
3736,1,Belmont
3737,1,Belmont
3738,1,Belmont
3739,1,Belmont
3740,1,Belmont
3741,1,Belmont
3742,1,Belmont
3743,1,Belmont
3744,1,Belmont
3745,1,Belmont
3746,1,Belmont
3747,1,Belmont
3748,1,Belmont
3749,1,Belmont
3750,1,Belmont
3751,1,Belmont
3752,1,Belmont
3753,1,Belmont
3754,1,Belmont
3755,1,Belmont
3756,1,Belmont
3757,1,Belmont
3758,1,Belmont
3759,1,Belmont
3760,1,Belmont
3761,1,Belmont
3762,1,Belmont
3763,1,Belmont
3764,1,Belmont
3765,1,Belmont
3766,1,Belmont
3767,1,Belmont
3768,1,Belmont
3769,1,Belmont
3770,1,Belmont
3771,1,Belmont
3772,1,Belmont
3773,1,Belmont
3774,1,Belmont
3775,1,Belmont
3776,1,Belmont
3777,1,Belmont
3778,1,Belmont
3779,1,Belmont
3780,1,Belmont
3781,1,Belmont
3782,1,Belmont
3783,1,Belmont
3784,1,Belmont
3785,1,Belmont
3786,1,Belmont
3787,1,Belmont
3788,1,Belmont
3789,1,Belmont
3790,1,Belmont
3791,1,Belmont
3792,1,Belmont
3793,1,Belmont
3794,1,Belmont
3795,1,Belmont
3796,1,Belmont
3797,1,Belmont
3798,1,Belmont
3799,1,Belmont
3800,1,Belmont
3801,1,Belmont
3802,1,Belmont
3803,1,Belmont
3804,1,Belmont
3805,1,Belmont
3806,1,Belmont
3807,1,Belmont
3808,1,Belmont
3809,1,Belmont
3810,1,Belmont
3811,1,Belmont
3812,1,Belmont
3813,1,Belmont
3814,1,Belmont
3815,1,Belmont
3816,1,Belmont
3817,1,Belmont
3818,1,Belmont
3819,1,Belmont
3820,1,Belmont
3821,1,Belmont
3822,1,Belmont
3823,1,Belmont
3824,1,Belmont
3825,1,Belmont
3826,1,Belmont
3827,1,Belmont
3828,1,Belmont
3829,1,Belmont
3830,1,Belmont
3831,1,Belmont
3832,1,Belmont
3833,1,Belmont
3834,1,Belmont
3835,1,Belmont
3836,1,Belmont
3837,1,Belmont
3838,1,Belmont
3839,1,Belmont
3840,1,Belmont
3841,1,Belmont
3842,1,Belmont
3843,1,Belmont
3844,1,Belmont
3845,1,Belmont
3846,1,Belmont
3847,1,Belmont
3848,1,Belmont
3849,1,Belmont
3850,1,Belmont
3851,1,Belmont
3852,1,Belmont
3853,1,Belmont
3854,1,Belmont
3855,1,Belmont
3856,1,Belmont
3857,1,Belmont
3858,1,Belmont
3859,1,Belmont
3860,1,Belmont
3861,1,Belmont
3862,1,Belmont
3863,1,Belmont
3864,1,Belmont
3865,1,Belmont
3866,1,Belmont
3867,1,Belmont
3868,1,Belmont
3869,1,Belmont
3870,1,Belmont
3871,1,Belmont
3872,1,Belmont
3873,1,Belmont
3874,1,Belmont
3875,1,Belmont
3876,1,Belmont
3877,1,Belmont
3878,1,Belmont
3879,1,Belmont
3880,1,Belmont
3881,1,Belmont
3882,1,Belmont
3883,1,Belmont
3884,1,Belmont
3885,1,Belmont
3886,1,Belmont
3887,1,Belmont
3888,1,Belmont
3889,1,Belmont
3890,1,Belmont
3891,1,Belmont
3892,1,Belmont
3893,1,Belmont
3894,1,Belmont
3895,1,Belmont
3896,1,Belmont
3897,1,Belmont
3898,1,Belmont
3899,1,Belmont
3900,1,Belmont
3901,1,Belmont
3902,1,Belmont
3903,1,Belmont
3904,1,Belmont
3905,1,Belmont
3906,1,Belmont
3907,1,Belmont
3908,1,Belmont
3909,1,Belmont
3910,1,Belmont
3911,1,Belmont
3912,1,Belmont
3913,1,Belmont
3914,1,Belmont
3915,1,Belmont
3916,1,Belmont
3917,1,Belmont
3918,1,Belmont
3919,1,Belmont
3920,1,Belmont
3921,1,Belmont
3922,1,Belmont
3923,1,Belmont
3924,1,Belmont
3925,1,Belmont
3926,1,Belmont
3927,1,Belmont
3928,1,Belmont
3929,1,Belmont
3930,1,Belmont
3931,1,Belmont
3932,1,Belmont
3933,1,Belmont
3934,32,Logan
3935,21,Logan
3936,20,Logan
3937,18,Logan
3938,18,Logan
3939,17,Logan
3940,15,Logan
3941,15,Logan
3942,15,Logan
3943,14,Logan
3944,13,Logan
3945,13,Logan
3946,12,Logan
3947,12,Logan
3948,11,Logan
3949,11,Logan
3950,11,Logan
3951,11,Logan
3952,10,Logan
3953,10,Logan
3954,10,Logan
3955,10,Logan
3956,9,Logan
3957,9,Logan
3958,9,Logan
3959,9,Logan
3960,9,Logan
3961,9,Logan
3962,8,Logan
3963,8,Logan
3964,8,Logan
3965,8,Logan
3966,8,Logan
3967,7,Logan
3968,7,Logan
3969,7,Logan
3970,7,Logan
3971,7,Logan
3972,7,Logan
3973,7,Logan
3974,7,Logan
3975,6,Logan
3976,6,Logan
3977,6,Logan
3978,6,Logan
3979,6,Logan
3980,6,Logan
3981,6,Logan
3982,6,Logan
3983,6,Logan
3984,6,Logan
3985,6,Logan
3986,6,Logan
3987,6,Logan
3988,6,Logan
3989,6,Logan
3990,5,Logan
3991,5,Logan
3992,5,Logan
3993,5,Logan
3994,5,Logan
3995,5,Logan
3996,5,Logan
3997,5,Logan
3998,5,Logan
3999,5,Logan
4000,5,Logan
4001,5,Logan
4002,5,Logan
4003,5,Logan
4004,5,Logan
4005,5,Logan
4006,5,Logan
4007,5,Logan
4008,5,Logan
4009,5,Logan
4010,5,Logan
4011,5,Logan
4012,4,Logan
4013,4,Logan
4014,4,Logan
4015,4,Logan
4016,4,Logan
4017,4,Logan
4018,4,Logan
4019,4,Logan
4020,4,Logan
4021,4,Logan
4022,4,Logan
4023,4,Logan
4024,4,Logan
4025,4,Logan
4026,4,Logan
4027,4,Logan
4028,4,Logan
4029,4,Logan
4030,4,Logan
4031,4,Logan
4032,4,Logan
4033,4,Logan
4034,4,Logan
4035,4,Logan
4036,4,Logan
4037,4,Logan
4038,4,Logan
4039,4,Logan
4040,4,Logan
4041,3,Logan
4042,3,Logan
4043,3,Logan
4044,3,Logan
4045,3,Logan
4046,3,Logan
4047,3,Logan
4048,3,Logan
4049,3,Logan
4050,3,Logan
4051,3,Logan
4052,3,Logan
4053,3,Logan
4054,3,Logan
4055,3,Logan
4056,3,Logan
4057,3,Logan
4058,3,Logan
4059,3,Logan
4060,3,Logan
4061,3,Logan
4062,3,Logan
4063,3,Logan
4064,3,Logan
4065,3,Logan
4066,3,Logan
4067,3,Logan
4068,3,Logan
4069,3,Logan
4070,3,Logan
4071,3,Logan
4072,3,Logan
4073,3,Logan
4074,3,Logan
4075,3,Logan
4076,3,Logan
4077,3,Logan
4078,3,Logan
4079,3,Logan
4080,3,Logan
4081,3,Logan
4082,3,Logan
4083,3,Logan
4084,3,Logan
4085,3,Logan
4086,3,Logan
4087,3,Logan
4088,3,Logan
4089,3,Logan
4090,3,Logan
4091,3,Logan
4092,3,Logan
4093,3,Logan
4094,3,Logan
4095,3,Logan
4096,3,Logan
4097,3,Logan
4098,3,Logan
4099,3,Logan
4100,2,Logan
4101,2,Logan
4102,2,Logan
4103,2,Logan
4104,2,Logan
4105,2,Logan
4106,2,Logan
4107,2,Logan
4108,2,Logan
4109,2,Logan
4110,2,Logan
4111,2,Logan
4112,2,Logan
4113,2,Logan
4114,2,Logan
4115,2,Logan
4116,2,Logan
4117,2,Logan
4118,2,Logan
4119,2,Logan
4120,2,Logan
4121,2,Logan
4122,2,Logan
4123,2,Logan
4124,2,Logan
4125,2,Logan
4126,2,Logan
4127,2,Logan
4128,2,Logan
4129,2,Logan
4130,2,Logan
4131,2,Logan
4132,2,Logan
4133,2,Logan
4134,2,Logan
4135,2,Logan
4136,2,Logan
4137,2,Logan
4138,2,Logan
4139,2,Logan
4140,2,Logan
4141,2,Logan
4142,2,Logan
4143,2,Logan
4144,2,Logan
4145,2,Logan
4146,2,Logan
4147,2,Logan
4148,2,Logan
4149,2,Logan
4150,2,Logan
4151,2,Logan
4152,2,Logan
4153,2,Logan
4154,2,Logan
4155,2,Logan
4156,2,Logan
4157,2,Logan
4158,2,Logan
4159,2,Logan
4160,2,Logan
4161,2,Logan
4162,2,Logan
4163,2,Logan
4164,2,Logan
4165,2,Logan
4166,2,Logan
4167,2,Logan
4168,2,Logan
4169,2,Logan
4170,2,Logan
4171,2,Logan
4172,2,Logan
4173,2,Logan
4174,2,Logan
4175,2,Logan
4176,2,Logan
4177,2,Logan
4178,2,Logan
4179,2,Logan
4180,2,Logan
4181,2,Logan
4182,2,Logan
4183,2,Logan
4184,2,Logan
4185,2,Logan
4186,2,Logan
4187,2,Logan
4188,2,Logan
4189,2,Logan
4190,2,Logan
4191,2,Logan
4192,2,Logan
4193,2,Logan
4194,2,Logan
4195,2,Logan
4196,2,Logan
4197,2,Logan
4198,2,Logan
4199,2,Logan
4200,2,Logan
4201,2,Logan
4202,2,Logan
4203,2,Logan
4204,2,Logan
4205,2,Logan
4206,2,Logan
4207,2,Logan
4208,2,Logan
4209,2,Logan
4210,2,Logan
4211,2,Logan
4212,2,Logan
4213,2,Logan
4214,2,Logan
4215,2,Logan
4216,2,Logan
4217,2,Logan
4218,2,Logan
4219,2,Logan
4220,2,Logan
4221,2,Logan
4222,2,Logan
4223,2,Logan
4224,2,Logan
4225,2,Logan
4226,2,Logan
4227,2,Logan
4228,2,Logan
4229,2,Logan
4230,2,Logan
4231,2,Logan
4232,2,Logan
4233,2,Logan
4234,2,Logan
4235,2,Logan
4236,2,Logan
4237,1,Logan
4238,1,Logan
4239,1,Logan
4240,1,Logan
4241,1,Logan
4242,1,Logan
4243,1,Logan
4244,1,Logan
4245,1,Logan
4246,1,Logan
4247,1,Logan
4248,1,Logan
4249,1,Logan
4250,1,Logan
4251,1,Logan
4252,1,Logan
4253,1,Logan
4254,1,Logan
4255,1,Logan
4256,1,Logan
4257,1,Logan
4258,1,Logan
4259,1,Logan
4260,1,Logan
4261,1,Logan
4262,1,Logan
4263,1,Logan
4264,1,Logan
4265,1,Logan
4266,1,Logan
4267,1,Logan
4268,1,Logan
4269,1,Logan
4270,1,Logan
4271,1,Logan
4272,1,Logan
4273,1,Logan
4274,1,Logan
4275,1,Logan
4276,1,Logan
4277,1,Logan
4278,1,Logan
4279,1,Logan
4280,1,Logan
4281,1,Logan
4282,1,Logan
4283,1,Logan
4284,1,Logan
4285,1,Logan
4286,1,Logan
4287,1,Logan
4288,1,Logan
4289,1,Logan
4290,1,Logan
4291,1,Logan
4292,1,Logan
4293,1,Logan
4294,1,Logan
4295,1,Logan
4296,1,Logan
4297,1,Logan
4298,1,Logan
4299,1,Logan
4300,1,Logan
4301,1,Logan
4302,1,Logan
4303,1,Logan
4304,1,Logan
4305,1,Logan
4306,1,Logan
4307,1,Logan
4308,1,Logan
4309,1,Logan
4310,1,Logan
4311,1,Logan
4312,1,Logan
4313,1,Logan
4314,1,Logan
4315,1,Logan
4316,1,Logan
4317,1,Logan
4318,1,Logan
4319,1,Logan
4320,1,Logan
4321,1,Logan
4322,1,Logan
4323,1,Logan
4324,1,Logan
4325,1,Logan
4326,1,Logan
4327,1,Logan
4328,1,Logan
4329,1,Logan
4330,1,Logan
4331,1,Logan
4332,1,Logan
4333,1,Logan
4334,1,Logan
4335,1,Logan
4336,1,Logan
4337,1,Logan
4338,1,Logan
4339,1,Logan
4340,1,Logan
4341,1,Logan
4342,1,Logan
4343,1,Logan
4344,1,Logan
4345,1,Logan
4346,1,Logan
4347,1,Logan
4348,1,Logan
4349,1,Logan
4350,1,Logan
4351,1,Logan
4352,1,Logan
4353,1,Logan
4354,1,Logan
4355,1,Logan
4356,1,Logan
4357,1,Logan
4358,1,Logan
4359,1,Logan
4360,1,Logan
4361,1,Logan
4362,1,Logan
4363,1,Logan
4364,1,Logan
4365,1,Logan
4366,1,Logan
4367,1,Logan
4368,1,Logan
4369,1,Logan
4370,1,Logan
4371,1,Logan
4372,1,Logan
4373,1,Logan
4374,1,Logan
4375,1,Logan
4376,1,Logan
4377,1,Logan
4378,1,Logan
4379,1,Logan
4380,1,Logan
4381,1,Logan
4382,1,Logan
4383,1,Logan
4384,1,Logan
4385,1,Logan
4386,1,Logan
4387,1,Logan
4388,1,Logan
4389,1,Logan
4390,1,Logan
4391,1,Logan
4392,1,Logan
4393,1,Logan
4394,1,Logan
4395,1,Logan
4396,1,Logan
4397,1,Logan
4398,1,Logan
4399,1,Logan
4400,1,Logan
4401,1,Logan
4402,1,Logan
4403,1,Logan
4404,1,Logan
4405,1,Logan
4406,1,Logan
4407,1,Logan
4408,1,Logan
4409,1,Logan
4410,1,Logan
4411,1,Logan
4412,1,Logan
4413,1,Logan
4414,1,Logan
4415,1,Logan
4416,1,Logan
4417,1,Logan
4418,1,Logan
4419,1,Logan
4420,1,Logan
4421,1,Logan
4422,1,Logan
4423,1,Logan
4424,1,Logan
4425,1,Logan
4426,1,Logan
4427,1,Logan
4428,1,Logan
4429,1,Logan
4430,1,Logan
4431,1,Logan
4432,1,Logan
4433,1,Logan
4434,1,Logan
4435,1,Logan
4436,1,Logan
4437,1,Logan
4438,1,Logan
4439,1,Logan
4440,1,Logan
4441,1,Logan
4442,1,Logan
4443,1,Logan
4444,1,Logan
4445,1,Logan
4446,1,Logan
4447,1,Logan
4448,1,Logan
4449,1,Logan
4450,1,Logan
4451,1,Logan
4452,1,Logan
4453,1,Logan
4454,1,Logan
4455,1,Logan
4456,1,Logan
4457,1,Logan
4458,1,Logan
4459,1,Logan
4460,1,Logan
4461,1,Logan
4462,1,Logan
4463,1,Logan
4464,1,Logan
4465,1,Logan
4466,1,Logan
4467,1,Logan
4468,1,Logan
4469,1,Logan
4470,1,Logan
4471,1,Logan
4472,1,Logan
4473,1,Logan
4474,1,Logan
4475,1,Logan
4476,1,Logan
4477,1,Logan
4478,1,Logan
4479,1,Logan
4480,1,Logan
4481,1,Logan
4482,1,Logan
4483,1,Logan
4484,1,Logan
4485,1,Logan
4486,1,Logan
4487,1,Logan
4488,1,Logan
4489,1,Logan
4490,1,Logan
4491,1,Logan
4492,1,Logan
4493,1,Logan
4494,1,Logan
4495,1,Logan
4496,1,Logan
4497,1,Logan
4498,1,Logan
4499,1,Logan
4500,1,Logan
4501,1,Logan
4502,1,Logan
4503,1,Logan
4504,1,Logan
4505,1,Logan
4506,1,Logan
4507,1,Logan
4508,1,Logan
4509,1,Logan
4510,1,Logan
4511,1,Logan
4512,1,Logan
4513,1,Logan
4514,1,Logan
4515,1,Logan
4516,1,Logan
4517,1,Logan
4518,1,Logan
4519,1,Logan
4520,1,Logan
4521,1,Logan
4522,1,Logan
4523,1,Logan
4524,1,Logan
4525,1,Logan
4526,1,Logan
4527,1,Logan
4528,1,Logan
4529,1,Logan
4530,1,Logan
4531,1,Logan
4532,1,Logan
4533,1,Logan
4534,1,Logan
4535,1,Logan
4536,1,Logan
4537,1,Logan
4538,1,Logan
4539,1,Logan
4540,1,Logan
4541,1,Logan
4542,1,Logan
4543,1,Logan
4544,1,Logan
4545,1,Logan
4546,1,Logan
4547,1,Logan
4548,1,Logan
4549,1,Logan
4550,1,Logan
4551,1,Logan
4552,1,Logan
4553,1,Logan
4554,1,Logan
4555,1,Logan
4556,1,Logan
4557,1,Logan
4558,1,Logan
4559,1,Logan
4560,1,Logan
4561,1,Logan
4562,1,Logan
4563,1,Logan
4564,1,Logan
4565,1,Logan
4566,1,Logan
4567,1,Logan
4568,1,Logan
4569,1,Logan
4570,1,Logan
4571,1,Logan
4572,1,Logan
4573,1,Logan
4574,1,Logan
4575,1,Logan
4576,1,Logan
4577,1,Logan
4578,1,Logan
4579,1,Logan
4580,1,Logan
4581,1,Logan
4582,1,Logan
4583,1,Logan
4584,1,Logan
4585,1,Logan
4586,1,Logan
4587,1,Logan
4588,1,Logan
4589,1,Logan
4590,1,Logan
4591,1,Logan
4592,1,Logan
4593,1,Logan
4594,1,Logan
4595,1,Logan
4596,1,Logan
4597,1,Logan
4598,1,Logan
4599,1,Logan
4600,1,Logan
4601,1,Logan
4602,1,Logan
4603,1,Logan
4604,1,Logan
4605,1,Logan
4606,1,Logan
4607,1,Logan
4608,1,Logan
4609,1,Logan
4610,1,Logan
4611,1,Logan
4612,1,Logan
4613,1,Logan
4614,1,Logan
4615,1,Logan
4616,1,Logan
4617,1,Logan
4618,1,Logan
4619,1,Logan
4620,1,Logan
4621,1,Logan
4622,1,Logan
4623,1,Logan
4624,1,Logan
4625,1,Logan
4626,1,Logan
4627,1,Logan
4628,1,Logan
4629,1,Logan
4630,1,Logan
4631,1,Logan
4632,1,Logan
4633,1,Logan
4634,1,Logan
4635,1,Logan
4636,1,Logan
4637,1,Logan
4638,1,Logan
4639,1,Logan
4640,1,Logan
4641,1,Logan
4642,1,Logan
4643,1,Logan
4644,1,Logan
4645,1,Logan
4646,1,Logan
4647,1,Logan
4648,1,Logan
4649,1,Logan
4650,1,Logan
4651,1,Logan
4652,1,Logan
4653,1,Logan
4654,1,Logan
4655,1,Logan
4656,1,Logan
4657,1,Logan
4658,1,Logan
4659,1,Logan
4660,1,Logan
4661,1,Logan
4662,1,Logan
4663,1,Logan
4664,1,Logan
4665,1,Logan
4666,1,Logan
4667,1,Logan
4668,1,Logan
4669,1,Logan
4670,1,Logan
4671,1,Logan
4672,1,Logan
4673,1,Logan
4674,1,Logan
4675,1,Logan
4676,1,Logan
4677,1,Logan
4678,1,Logan
4679,1,Logan
4680,1,Logan
4681,1,Logan
4682,1,Logan
4683,1,Logan
4684,1,Logan
4685,1,Logan
4686,1,Logan
4687,1,Logan
4688,1,Logan
4689,1,Logan
4690,1,Logan
4691,1,Logan
4692,1,Logan
4693,1,Logan
4694,1,Logan
4695,1,Logan
4696,1,Logan
4697,1,Logan
4698,1,Logan
4699,1,Logan
4700,1,Logan
4701,1,Logan
4702,1,Logan
4703,1,Logan
4704,1,Logan
4705,1,Logan
4706,1,Logan
4707,1,Logan
4708,1,Logan
4709,1,Logan
4710,1,Logan
4711,1,Logan
4712,1,Logan
4713,1,Logan
4714,1,Logan
4715,1,Logan
4716,1,Logan
4717,1,Logan
4718,1,Logan
4719,1,Logan
4720,1,Logan
4721,1,Logan
4722,1,Logan
4723,1,Logan
4724,1,Logan
4725,1,Logan
4726,1,Logan
4727,1,Logan
4728,1,Logan
4729,1,Logan
4730,1,Logan
4731,1,Logan
4732,1,Logan
4733,1,Logan
4734,1,Logan
4735,1,Logan
4736,1,Logan
4737,1,Logan
4738,1,Logan
4739,1,Logan
4740,1,Logan
4741,1,Logan
4742,1,Logan
4743,1,Logan
4744,1,Logan
4745,1,Logan
4746,1,Logan
4747,1,Logan
4748,1,Logan
4749,1,Logan
4750,1,Logan
4751,1,Logan
4752,1,Logan
4753,1,Logan
4754,1,Logan
4755,1,Logan
4756,1,Logan
4757,1,Logan
4758,1,Logan
4759,1,Logan
4760,1,Logan
4761,1,Logan
4762,1,Logan
4763,1,Logan
4764,1,Logan
4765,1,Logan
4766,1,Logan
4767,85,Fournette
4768,83,Fournette
4769,82,Fournette
4770,81,Fournette
4771,63,Fournette
4772,54,Fournette
4773,53,Fournette
4774,49,Fournette
4775,49,Fournette
4776,49,Fournette
4777,48,Fournette
4778,46,Fournette
4779,44,Fournette
4780,42,Fournette
4781,41,Fournette
4782,40,Fournette
4783,38,Fournette
4784,36,Fournette
4785,36,Fournette
4786,34,Fournette
4787,34,Fournette
4788,33,Fournette
4789,32,Fournette
4790,31,Fournette
4791,31,Fournette
4792,31,Fournette
4793,30,Fournette
4794,30,Fournette
4795,30,Fournette
4796,29,Fournette
4797,29,Fournette
4798,28,Fournette
4799,28,Fournette
4800,28,Fournette
4801,28,Fournette
4802,28,Fournette
4803,28,Fournette
4804,28,Fournette
4805,26,Fournette
4806,25,Fournette
4807,25,Fournette
4808,25,Fournette
4809,24,Fournette
4810,23,Fournette
4811,23,Fournette
4812,22,Fournette
4813,22,Fournette
4814,21,Fournette
4815,20,Fournette
4816,20,Fournette
4817,20,Fournette
4818,20,Fournette
4819,19,Fournette
4820,19,Fournette
4821,19,Fournette
4822,19,Fournette
4823,19,Fournette
4824,19,Fournette
4825,18,Fournette
4826,18,Fournette
4827,18,Fournette
4828,17,Fournette
4829,17,Fournette
4830,17,Fournette
4831,17,Fournette
4832,17,Fournette
4833,16,Fournette
4834,16,Fournette
4835,16,Fournette
4836,16,Fournette
4837,16,Fournette
4838,16,Fournette
4839,16,Fournette
4840,16,Fournette
4841,16,Fournette
4842,15,Fournette
4843,15,Fournette
4844,14,Fournette
4845,14,Fournette
4846,14,Fournette
4847,14,Fournette
4848,14,Fournette
4849,14,Fournette
4850,14,Fournette
4851,14,Fournette
4852,14,Fournette
4853,14,Fournette
4854,14,Fournette
4855,13,Fournette
4856,13,Fournette
4857,13,Fournette
4858,13,Fournette
4859,13,Fournette
4860,13,Fournette
4861,13,Fournette
4862,13,Fournette
4863,13,Fournette
4864,12,Fournette
4865,12,Fournette
4866,12,Fournette
4867,12,Fournette
4868,12,Fournette
4869,12,Fournette
4870,11,Fournette
4871,11,Fournette
4872,11,Fournette
4873,11,Fournette
4874,11,Fournette
4875,11,Fournette
4876,11,Fournette
4877,11,Fournette
4878,11,Fournette
4879,11,Fournette
4880,11,Fournette
4881,11,Fournette
4882,11,Fournette
4883,10,Fournette
4884,10,Fournette
4885,10,Fournette
4886,10,Fournette
4887,10,Fournette
4888,10,Fournette
4889,10,Fournette
4890,10,Fournette
4891,10,Fournette
4892,10,Fournette
4893,10,Fournette
4894,10,Fournette
4895,10,Fournette
4896,10,Fournette
4897,10,Fournette
4898,9,Fournette
4899,9,Fournette
4900,9,Fournette
4901,9,Fournette
4902,9,Fournette
4903,9,Fournette
4904,9,Fournette
4905,9,Fournette
4906,9,Fournette
4907,9,Fournette
4908,9,Fournette
4909,9,Fournette
4910,9,Fournette
4911,9,Fournette
4912,9,Fournette
4913,9,Fournette
4914,9,Fournette
4915,9,Fournette
4916,9,Fournette
4917,9,Fournette
4918,8,Fournette
4919,8,Fournette
4920,8,Fournette
4921,8,Fournette
4922,8,Fournette
4923,8,Fournette
4924,8,Fournette
4925,8,Fournette
4926,8,Fournette
4927,8,Fournette
4928,8,Fournette
4929,8,Fournette
4930,8,Fournette
4931,8,Fournette
4932,8,Fournette
4933,8,Fournette
4934,8,Fournette
4935,8,Fournette
4936,8,Fournette
4937,7,Fournette
4938,7,Fournette
4939,7,Fournette
4940,7,Fournette
4941,7,Fournette
4942,7,Fournette
4943,7,Fournette
4944,7,Fournette
4945,7,Fournette
4946,7,Fournette
4947,7,Fournette
4948,7,Fournette
4949,7,Fournette
4950,7,Fournette
4951,7,Fournette
4952,7,Fournette
4953,7,Fournette
4954,7,Fournette
4955,7,Fournette
4956,7,Fournette
4957,7,Fournette
4958,7,Fournette
4959,7,Fournette
4960,7,Fournette
4961,7,Fournette
4962,7,Fournette
4963,7,Fournette
4964,7,Fournette
4965,7,Fournette
4966,7,Fournette
4967,6,Fournette
4968,6,Fournette
4969,6,Fournette
4970,6,Fournette
4971,6,Fournette
4972,6,Fournette
4973,6,Fournette
4974,6,Fournette
4975,6,Fournette
4976,6,Fournette
4977,6,Fournette
4978,6,Fournette
4979,6,Fournette
4980,6,Fournette
4981,6,Fournette
4982,6,Fournette
4983,6,Fournette
4984,6,Fournette
4985,6,Fournette
4986,6,Fournette
4987,6,Fournette
4988,6,Fournette
4989,6,Fournette
4990,6,Fournette
4991,6,Fournette
4992,6,Fournette
4993,6,Fournette
4994,6,Fournette
4995,6,Fournette
4996,6,Fournette
4997,6,Fournette
4998,6,Fournette
4999,6,Fournette
5000,6,Fournette
5001,6,Fournette
5002,6,Fournette
5003,6,Fournette
5004,6,Fournette
5005,6,Fournette
5006,6,Fournette
5007,6,Fournette
5008,6,Fournette
5009,6,Fournette
5010,6,Fournette
5011,6,Fournette
5012,5,Fournette
5013,5,Fournette
5014,5,Fournette
5015,5,Fournette
5016,5,Fournette
5017,5,Fournette
5018,5,Fournette
5019,5,Fournette
5020,5,Fournette
5021,5,Fournette
5022,5,Fournette
5023,5,Fournette
5024,5,Fournette
5025,5,Fournette
5026,5,Fournette
5027,5,Fournette
5028,5,Fournette
5029,5,Fournette
5030,5,Fournette
5031,5,Fournette
5032,5,Fournette
5033,5,Fournette
5034,5,Fournette
5035,5,Fournette
5036,5,Fournette
5037,5,Fournette
5038,5,Fournette
5039,5,Fournette
5040,5,Fournette
5041,5,Fournette
5042,5,Fournette
5043,5,Fournette
5044,5,Fournette
5045,5,Fournette
5046,5,Fournette
5047,5,Fournette
5048,5,Fournette
5049,5,Fournette
5050,5,Fournette
5051,5,Fournette
5052,5,Fournette
5053,5,Fournette
5054,5,Fournette
5055,5,Fournette
5056,5,Fournette
5057,5,Fournette
5058,5,Fournette
5059,5,Fournette
5060,5,Fournette
5061,5,Fournette
5062,5,Fournette
5063,5,Fournette
5064,5,Fournette
5065,5,Fournette
5066,5,Fournette
5067,5,Fournette
5068,5,Fournette
5069,5,Fournette
5070,5,Fournette
5071,5,Fournette
5072,5,Fournette
5073,5,Fournette
5074,5,Fournette
5075,4,Fournette
5076,4,Fournette
5077,4,Fournette
5078,4,Fournette
5079,4,Fournette
5080,4,Fournette
5081,4,Fournette
5082,4,Fournette
5083,4,Fournette
5084,4,Fournette
5085,4,Fournette
5086,4,Fournette
5087,4,Fournette
5088,4,Fournette
5089,4,Fournette
5090,4,Fournette
5091,4,Fournette
5092,4,Fournette
5093,4,Fournette
5094,4,Fournette
5095,4,Fournette
5096,4,Fournette
5097,4,Fournette
5098,4,Fournette
5099,4,Fournette
5100,4,Fournette
5101,4,Fournette
5102,4,Fournette
5103,4,Fournette
5104,4,Fournette
5105,4,Fournette
5106,4,Fournette
5107,4,Fournette
5108,4,Fournette
5109,4,Fournette
5110,4,Fournette
5111,4,Fournette
5112,4,Fournette
5113,4,Fournette
5114,4,Fournette
5115,4,Fournette
5116,4,Fournette
5117,4,Fournette
5118,4,Fournette
5119,4,Fournette
5120,4,Fournette
5121,4,Fournette
5122,4,Fournette
5123,4,Fournette
5124,4,Fournette
5125,4,Fournette
5126,4,Fournette
5127,4,Fournette
5128,4,Fournette
5129,4,Fournette
5130,4,Fournette
5131,4,Fournette
5132,4,Fournette
5133,4,Fournette
5134,4,Fournette
5135,4,Fournette
5136,4,Fournette
5137,4,Fournette
5138,4,Fournette
5139,4,Fournette
5140,4,Fournette
5141,4,Fournette
5142,4,Fournette
5143,4,Fournette
5144,4,Fournette
5145,4,Fournette
5146,4,Fournette
5147,4,Fournette
5148,4,Fournette
5149,4,Fournette
5150,4,Fournette
5151,3,Fournette
5152,3,Fournette
5153,3,Fournette
5154,3,Fournette
5155,3,Fournette
5156,3,Fournette
5157,3,Fournette
5158,3,Fournette
5159,3,Fournette
5160,3,Fournette
5161,3,Fournette
5162,3,Fournette
5163,3,Fournette
5164,3,Fournette
5165,3,Fournette
5166,3,Fournette
5167,3,Fournette
5168,3,Fournette
5169,3,Fournette
5170,3,Fournette
5171,3,Fournette
5172,3,Fournette
5173,3,Fournette
5174,3,Fournette
5175,3,Fournette
5176,3,Fournette
5177,3,Fournette
5178,3,Fournette
5179,3,Fournette
5180,3,Fournette
5181,3,Fournette
5182,3,Fournette
5183,3,Fournette
5184,3,Fournette
5185,3,Fournette
5186,3,Fournette
5187,3,Fournette
5188,3,Fournette
5189,3,Fournette
5190,3,Fournette
5191,3,Fournette
5192,3,Fournette
5193,3,Fournette
5194,3,Fournette
5195,3,Fournette
5196,3,Fournette
5197,3,Fournette
5198,3,Fournette
5199,3,Fournette
5200,3,Fournette
5201,3,Fournette
5202,3,Fournette
5203,3,Fournette
5204,3,Fournette
5205,3,Fournette
5206,3,Fournette
5207,3,Fournette
5208,3,Fournette
5209,3,Fournette
5210,3,Fournette
5211,3,Fournette
5212,3,Fournette
5213,3,Fournette
5214,3,Fournette
5215,3,Fournette
5216,3,Fournette
5217,3,Fournette
5218,3,Fournette
5219,3,Fournette
5220,3,Fournette
5221,3,Fournette
5222,3,Fournette
5223,3,Fournette
5224,3,Fournette
5225,3,Fournette
5226,3,Fournette
5227,3,Fournette
5228,3,Fournette
5229,3,Fournette
5230,3,Fournette
5231,3,Fournette
5232,3,Fournette
5233,3,Fournette
5234,3,Fournette
5235,3,Fournette
5236,3,Fournette
5237,3,Fournette
5238,3,Fournette
5239,3,Fournette
5240,3,Fournette
5241,3,Fournette
5242,3,Fournette
5243,3,Fournette
5244,3,Fournette
5245,3,Fournette
5246,3,Fournette
5247,3,Fournette
5248,3,Fournette
5249,3,Fournette
5250,3,Fournette
5251,3,Fournette
5252,3,Fournette
5253,3,Fournette
5254,3,Fournette
5255,3,Fournette
5256,3,Fournette
5257,3,Fournette
5258,3,Fournette
5259,3,Fournette
5260,3,Fournette
5261,3,Fournette
5262,3,Fournette
5263,3,Fournette
5264,3,Fournette
5265,3,Fournette
5266,3,Fournette
5267,3,Fournette
5268,3,Fournette
5269,3,Fournette
5270,3,Fournette
5271,3,Fournette
5272,3,Fournette
5273,3,Fournette
5274,3,Fournette
5275,3,Fournette
5276,3,Fournette
5277,3,Fournette
5278,3,Fournette
5279,3,Fournette
5280,3,Fournette
5281,3,Fournette
5282,3,Fournette
5283,3,Fournette
5284,3,Fournette
5285,3,Fournette
5286,3,Fournette
5287,2,Fournette
5288,2,Fournette
5289,2,Fournette
5290,2,Fournette
5291,2,Fournette
5292,2,Fournette
5293,2,Fournette
5294,2,Fournette
5295,2,Fournette
5296,2,Fournette
5297,2,Fournette
5298,2,Fournette
5299,2,Fournette
5300,2,Fournette
5301,2,Fournette
5302,2,Fournette
5303,2,Fournette
5304,2,Fournette
5305,2,Fournette
5306,2,Fournette
5307,2,Fournette
5308,2,Fournette
5309,2,Fournette
5310,2,Fournette
5311,2,Fournette
5312,2,Fournette
5313,2,Fournette
5314,2,Fournette
5315,2,Fournette
5316,2,Fournette
5317,2,Fournette
5318,2,Fournette
5319,2,Fournette
5320,2,Fournette
5321,2,Fournette
5322,2,Fournette
5323,2,Fournette
5324,2,Fournette
5325,2,Fournette
5326,2,Fournette
5327,2,Fournette
5328,2,Fournette
5329,2,Fournette
5330,2,Fournette
5331,2,Fournette
5332,2,Fournette
5333,2,Fournette
5334,2,Fournette
5335,2,Fournette
5336,2,Fournette
5337,2,Fournette
5338,2,Fournette
5339,2,Fournette
5340,2,Fournette
5341,2,Fournette
5342,2,Fournette
5343,2,Fournette
5344,2,Fournette
5345,2,Fournette
5346,2,Fournette
5347,2,Fournette
5348,2,Fournette
5349,2,Fournette
5350,2,Fournette
5351,2,Fournette
5352,2,Fournette
5353,2,Fournette
5354,2,Fournette
5355,2,Fournette
5356,2,Fournette
5357,2,Fournette
5358,2,Fournette
5359,2,Fournette
5360,2,Fournette
5361,2,Fournette
5362,2,Fournette
5363,2,Fournette
5364,2,Fournette
5365,2,Fournette
5366,2,Fournette
5367,2,Fournette
5368,2,Fournette
5369,2,Fournette
5370,2,Fournette
5371,2,Fournette
5372,2,Fournette
5373,2,Fournette
5374,2,Fournette
5375,2,Fournette
5376,2,Fournette
5377,2,Fournette
5378,2,Fournette
5379,2,Fournette
5380,2,Fournette
5381,2,Fournette
5382,2,Fournette
5383,2,Fournette
5384,2,Fournette
5385,2,Fournette
5386,2,Fournette
5387,2,Fournette
5388,2,Fournette
5389,2,Fournette
5390,2,Fournette
5391,2,Fournette
5392,2,Fournette
5393,2,Fournette
5394,2,Fournette
5395,2,Fournette
5396,2,Fournette
5397,2,Fournette
5398,2,Fournette
5399,2,Fournette
5400,2,Fournette
5401,2,Fournette
5402,2,Fournette
5403,2,Fournette
5404,2,Fournette
5405,2,Fournette
5406,2,Fournette
5407,2,Fournette
5408,2,Fournette
5409,2,Fournette
5410,2,Fournette
5411,2,Fournette
5412,2,Fournette
5413,2,Fournette
5414,2,Fournette
5415,2,Fournette
5416,2,Fournette
5417,2,Fournette
5418,2,Fournette
5419,2,Fournette
5420,2,Fournette
5421,2,Fournette
5422,2,Fournette
5423,2,Fournette
5424,2,Fournette
5425,2,Fournette
5426,2,Fournette
5427,2,Fournette
5428,2,Fournette
5429,2,Fournette
5430,2,Fournette
5431,2,Fournette
5432,2,Fournette
5433,2,Fournette
5434,2,Fournette
5435,2,Fournette
5436,2,Fournette
5437,2,Fournette
5438,2,Fournette
5439,2,Fournette
5440,2,Fournette
5441,2,Fournette
5442,2,Fournette
5443,2,Fournette
5444,2,Fournette
5445,2,Fournette
5446,2,Fournette
5447,2,Fournette
5448,2,Fournette
5449,2,Fournette
5450,2,Fournette
5451,2,Fournette
5452,2,Fournette
5453,2,Fournette
5454,2,Fournette
5455,2,Fournette
5456,2,Fournette
5457,2,Fournette
5458,2,Fournette
5459,2,Fournette
5460,2,Fournette
5461,2,Fournette
5462,2,Fournette
5463,2,Fournette
5464,2,Fournette
5465,2,Fournette
5466,2,Fournette
5467,2,Fournette
5468,2,Fournette
5469,2,Fournette
5470,2,Fournette
5471,2,Fournette
5472,2,Fournette
5473,2,Fournette
5474,2,Fournette
5475,2,Fournette
5476,2,Fournette
5477,2,Fournette
5478,2,Fournette
5479,2,Fournette
5480,2,Fournette
5481,2,Fournette
5482,2,Fournette
5483,2,Fournette
5484,2,Fournette
5485,2,Fournette
5486,2,Fournette
5487,2,Fournette
5488,2,Fournette
5489,2,Fournette
5490,2,Fournette
5491,2,Fournette
5492,2,Fournette
5493,2,Fournette
5494,2,Fournette
5495,2,Fournette
5496,2,Fournette
5497,2,Fournette
5498,2,Fournette
5499,2,Fournette
5500,2,Fournette
5501,2,Fournette
5502,2,Fournette
5503,2,Fournette
5504,2,Fournette
5505,2,Fournette
5506,2,Fournette
5507,2,Fournette
5508,2,Fournette
5509,2,Fournette
5510,2,Fournette
5511,2,Fournette
5512,2,Fournette
5513,2,Fournette
5514,2,Fournette
5515,2,Fournette
5516,2,Fournette
5517,2,Fournette
5518,2,Fournette
5519,2,Fournette
5520,2,Fournette
5521,2,Fournette
5522,2,Fournette
5523,2,Fournette
5524,2,Fournette
5525,2,Fournette
5526,2,Fournette
5527,2,Fournette
5528,2,Fournette
5529,2,Fournette
5530,2,Fournette
5531,2,Fournette
5532,2,Fournette
5533,2,Fournette
5534,2,Fournette
5535,2,Fournette
5536,2,Fournette
5537,2,Fournette
5538,2,Fournette
5539,2,Fournette
5540,2,Fournette
5541,2,Fournette
5542,2,Fournette
5543,2,Fournette
5544,2,Fournette
5545,2,Fournette
5546,2,Fournette
5547,2,Fournette
5548,2,Fournette
5549,2,Fournette
5550,2,Fournette
5551,2,Fournette
5552,2,Fournette
5553,2,Fournette
5554,2,Fournette
5555,2,Fournette
5556,2,Fournette
5557,2,Fournette
5558,2,Fournette
5559,2,Fournette
5560,2,Fournette
5561,2,Fournette
5562,2,Fournette
5563,2,Fournette
5564,2,Fournette
5565,2,Fournette
5566,1,Fournette
5567,1,Fournette
5568,1,Fournette
5569,1,Fournette
5570,1,Fournette
5571,1,Fournette
5572,1,Fournette
5573,1,Fournette
5574,1,Fournette
5575,1,Fournette
5576,1,Fournette
5577,1,Fournette
5578,1,Fournette
5579,1,Fournette
5580,1,Fournette
5581,1,Fournette
5582,1,Fournette
5583,1,Fournette
5584,1,Fournette
5585,1,Fournette
5586,1,Fournette
5587,1,Fournette
5588,1,Fournette
5589,1,Fournette
5590,1,Fournette
5591,1,Fournette
5592,1,Fournette
5593,1,Fournette
5594,1,Fournette
5595,1,Fournette
5596,1,Fournette
5597,1,Fournette
5598,1,Fournette
5599,1,Fournette
5600,1,Fournette
5601,1,Fournette
5602,1,Fournette
5603,1,Fournette
5604,1,Fournette
5605,1,Fournette
5606,1,Fournette
5607,1,Fournette
5608,1,Fournette
5609,1,Fournette
5610,1,Fournette
5611,1,Fournette
5612,1,Fournette
5613,1,Fournette
5614,1,Fournette
5615,1,Fournette
5616,1,Fournette
5617,1,Fournette
5618,1,Fournette
5619,1,Fournette
5620,1,Fournette
5621,1,Fournette
5622,1,Fournette
5623,1,Fournette
5624,1,Fournette
5625,1,Fournette
5626,1,Fournette
5627,1,Fournette
5628,1,Fournette
5629,1,Fournette
5630,1,Fournette
5631,1,Fournette
5632,1,Fournette
5633,1,Fournette
5634,1,Fournette
5635,1,Fournette
5636,1,Fournette
5637,1,Fournette
5638,1,Fournette
5639,1,Fournette
5640,1,Fournette
5641,1,Fournette
5642,1,Fournette
5643,1,Fournette
5644,1,Fournette
5645,1,Fournette
5646,1,Fournette
5647,1,Fournette
5648,1,Fournette
5649,1,Fournette
5650,1,Fournette
5651,1,Fournette
5652,1,Fournette
5653,1,Fournette
5654,1,Fournette
5655,1,Fournette
5656,1,Fournette
5657,1,Fournette
5658,1,Fournette
5659,1,Fournette
5660,1,Fournette
5661,1,Fournette
5662,1,Fournette
5663,1,Fournette
5664,1,Fournette
5665,1,Fournette
5666,1,Fournette
5667,1,Fournette
5668,1,Fournette
5669,1,Fournette
5670,1,Fournette
5671,1,Fournette
5672,1,Fournette
5673,1,Fournette
5674,1,Fournette
5675,1,Fournette
5676,1,Fournette
5677,1,Fournette
5678,1,Fournette
5679,1,Fournette
5680,1,Fournette
5681,1,Fournette
5682,1,Fournette
5683,1,Fournette
5684,1,Fournette
5685,1,Fournette
5686,1,Fournette
5687,1,Fournette
5688,1,Fournette
5689,1,Fournette
5690,1,Fournette
5691,1,Fournette
5692,1,Fournette
5693,1,Fournette
5694,1,Fournette
5695,1,Fournette
5696,1,Fournette
5697,1,Fournette
5698,1,Fournette
5699,1,Fournette
5700,1,Fournette
5701,1,Fournette
5702,1,Fournette
5703,1,Fournette
5704,1,Fournette
5705,1,Fournette
5706,1,Fournette
5707,1,Fournette
5708,1,Fournette
5709,1,Fournette
5710,1,Fournette
5711,1,Fournette
5712,1,Fournette
5713,1,Fournette
5714,1,Fournette
5715,1,Fournette
5716,1,Fournette
5717,1,Fournette
5718,1,Fournette
5719,1,Fournette
5720,1,Fournette
5721,1,Fournette
5722,1,Fournette
5723,1,Fournette
5724,1,Fournette
5725,1,Fournette
5726,1,Fournette
5727,1,Fournette
5728,1,Fournette
5729,1,Fournette
5730,1,Fournette
5731,1,Fournette
5732,1,Fournette
5733,1,Fournette
5734,1,Fournette
5735,1,Fournette
5736,1,Fournette
5737,1,Fournette
5738,1,Fournette
5739,1,Fournette
5740,1,Fournette
5741,1,Fournette
5742,1,Fournette
5743,1,Fournette
5744,1,Fournette
5745,1,Fournette
5746,1,Fournette
5747,1,Fournette
5748,1,Fournette
5749,1,Fournette
5750,1,Fournette
5751,1,Fournette
5752,1,Fournette
5753,1,Fournette
5754,1,Fournette
5755,1,Fournette
5756,1,Fournette
5757,1,Fournette
5758,1,Fournette
5759,1,Fournette
5760,1,Fournette
5761,1,Fournette
5762,1,Fournette
5763,1,Fournette
5764,1,Fournette
5765,1,Fournette
5766,1,Fournette
5767,1,Fournette
5768,1,Fournette
5769,1,Fournette
5770,1,Fournette
5771,1,Fournette
5772,1,Fournette
5773,1,Fournette
5774,1,Fournette
5775,1,Fournette
5776,1,Fournette
5777,1,Fournette
5778,1,Fournette
5779,1,Fournette
5780,1,Fournette
5781,1,Fournette
5782,1,Fournette
5783,1,Fournette
5784,1,Fournette
5785,1,Fournette
5786,1,Fournette
5787,1,Fournette
5788,1,Fournette
5789,1,Fournette
5790,1,Fournette
5791,1,Fournette
5792,1,Fournette
5793,1,Fournette
5794,1,Fournette
5795,1,Fournette
5796,1,Fournette
5797,1,Fournette
5798,1,Fournette
5799,1,Fournette
5800,1,Fournette
5801,1,Fournette
5802,1,Fournette
5803,1,Fournette
5804,1,Fournette
5805,1,Fournette
5806,1,Fournette
5807,1,Fournette
5808,1,Fournette
5809,1,Fournette
5810,1,Fournette
5811,1,Fournette
5812,1,Fournette
5813,1,Fournette
5814,1,Fournette
5815,1,Fournette
5816,1,Fournette
5817,1,Fournette
5818,1,Fournette
5819,1,Fournette
5820,1,Fournette
5821,1,Fournette
5822,1,Fournette
5823,1,Fournette
5824,1,Fournette
5825,1,Fournette
5826,1,Fournette
5827,1,Fournette
5828,1,Fournette
5829,1,Fournette
5830,1,Fournette
5831,1,Fournette
5832,1,Fournette
5833,1,Fournette
5834,1,Fournette
5835,1,Fournette
5836,1,Fournette
5837,1,Fournette
5838,1,Fournette
5839,1,Fournette
5840,1,Fournette
5841,1,Fournette
5842,1,Fournette
5843,1,Fournette
5844,1,Fournette
5845,1,Fournette
5846,1,Fournette
5847,1,Fournette
5848,1,Fournette
5849,1,Fournette
5850,1,Fournette
5851,1,Fournette
5852,1,Fournette
5853,1,Fournette
5854,1,Fournette
5855,1,Fournette
5856,1,Fournette
5857,1,Fournette
5858,1,Fournette
5859,1,Fournette
5860,1,Fournette
5861,1,Fournette
5862,1,Fournette
5863,1,Fournette
5864,1,Fournette
5865,1,Fournette
5866,1,Fournette
5867,1,Fournette
5868,1,Fournette
5869,1,Fournette
5870,1,Fournette
5871,1,Fournette
5872,1,Fournette
5873,1,Fournette
5874,1,Fournette
5875,1,Fournette
5876,1,Fournette
5877,1,Fournette
5878,1,Fournette
5879,1,Fournette
5880,1,Fournette
5881,1,Fournette
5882,1,Fournette
5883,1,Fournette
5884,1,Fournette
5885,1,Fournette
5886,1,Fournette
5887,1,Fournette
5888,1,Fournette
5889,1,Fournette
5890,1,Fournette
5891,1,Fournette
5892,1,Fournette
5893,1,Fournette
5894,1,Fournette
5895,1,Fournette
5896,1,Fournette
5897,1,Fournette
5898,1,Fournette
5899,1,Fournette
5900,1,Fournette
5901,1,Fournette
5902,1,Fournette
5903,1,Fournette
5904,1,Fournette
5905,1,Fournette
5906,1,Fournette
5907,1,Fournette
5908,1,Fournette
5909,1,Fournette
5910,1,Fournette
5911,1,Fournette
5912,1,Fournette
5913,1,Fournette
5914,1,Fournette
5915,1,Fournette
5916,1,Fournette
5917,1,Fournette
5918,1,Fournette
5919,1,Fournette
5920,1,Fournette
5921,1,Fournette
5922,1,Fournette
5923,1,Fournette
5924,1,Fournette
5925,1,Fournette
5926,1,Fournette
5927,1,Fournette
5928,1,Fournette
5929,1,Fournette
5930,1,Fournette
5931,1,Fournette
5932,1,Fournette
5933,1,Fournette
5934,1,Fournette
5935,1,Fournette
5936,1,Fournette
5937,1,Fournette
5938,1,Fournette
5939,1,Fournette
5940,1,Fournette
5941,1,Fournette
5942,1,Fournette
5943,1,Fournette
5944,1,Fournette
5945,1,Fournette
5946,1,Fournette
5947,1,Fournette
5948,1,Fournette
5949,1,Fournette
5950,1,Fournette
5951,1,Fournette
5952,1,Fournette
5953,1,Fournette
5954,1,Fournette
5955,1,Fournette
5956,1,Fournette
5957,1,Fournette
5958,1,Fournette
5959,1,Fournette
5960,1,Fournette
5961,1,Fournette
5962,1,Fournette
5963,1,Fournette
5964,1,Fournette
5965,1,Fournette
5966,1,Fournette
5967,1,Fournette
5968,1,Fournette
5969,1,Fournette
5970,1,Fournette
5971,1,Fournette
5972,1,Fournette
5973,1,Fournette
5974,1,Fournette
5975,1,Fournette
5976,1,Fournette
5977,1,Fournette
5978,1,Fournette
5979,1,Fournette
5980,1,Fournette
5981,1,Fournette
5982,1,Fournette
5983,1,Fournette
5984,1,Fournette
5985,1,Fournette
5986,1,Fournette
5987,1,Fournette
5988,1,Fournette
5989,1,Fournette
5990,1,Fournette
5991,1,Fournette
5992,1,Fournette
5993,1,Fournette
5994,1,Fournette
5995,1,Fournette
5996,1,Fournette
5997,1,Fournette
5998,1,Fournette
5999,1,Fournette
6000,1,Fournette
6001,1,Fournette
6002,1,Fournette
6003,1,Fournette
6004,1,Fournette
6005,1,Fournette
6006,1,Fournette
6007,1,Fournette
6008,1,Fournette
6009,1,Fournette
6010,1,Fournette
6011,1,Fournette
6012,1,Fournette
6013,1,Fournette
6014,1,Fournette
6015,1,Fournette
6016,1,Fournette
6017,1,Fournette
6018,1,Fournette
6019,1,Fournette
6020,1,Fournette
6021,1,Fournette
6022,1,Fournette
6023,1,Fournette
6024,1,Fournette
6025,1,Fournette
6026,1,Fournette
6027,1,Fournette
6028,1,Fournette
6029,1,Fournette
6030,1,Fournette
6031,1,Fournette
6032,1,Fournette
6033,1,Fournette
6034,1,Fournette
6035,1,Fournette
6036,1,Fournette
6037,1,Fournette
6038,1,Fournette
6039,1,Fournette
6040,1,Fournette
6041,1,Fournette
6042,1,Fournette
6043,1,Fournette
6044,1,Fournette
6045,1,Fournette
6046,1,Fournette
6047,1,Fournette
6048,1,Fournette
6049,1,Fournette
6050,1,Fournette
6051,1,Fournette
6052,1,Fournette
6053,1,Fournette
6054,1,Fournette
6055,1,Fournette
6056,1,Fournette
6057,1,Fournette
6058,1,Fournette
6059,1,Fournette
6060,1,Fournette
6061,1,Fournette
6062,1,Fournette
6063,1,Fournette
6064,1,Fournette
6065,1,Fournette
6066,1,Fournette
6067,1,Fournette
6068,1,Fournette
6069,1,Fournette
6070,1,Fournette
6071,1,Fournette
6072,1,Fournette
6073,1,Fournette
6074,1,Fournette
6075,1,Fournette
6076,1,Fournette
6077,1,Fournette
6078,1,Fournette
6079,1,Fournette
6080,1,Fournette
6081,1,Fournette
6082,1,Fournette
6083,1,Fournette
6084,1,Fournette
6085,1,Fournette
6086,1,Fournette
6087,1,Fournette
6088,1,Fournette
6089,1,Fournette
6090,1,Fournette
6091,1,Fournette
6092,1,Fournette
6093,1,Fournette
6094,1,Fournette
6095,1,Fournette
6096,1,Fournette
6097,1,Fournette
6098,1,Fournette
6099,1,Fournette
6100,1,Fournette
6101,1,Fournette
6102,1,Fournette
6103,1,Fournette
6104,1,Fournette
6105,1,Fournette
6106,1,Fournette
6107,1,Fournette
6108,1,Fournette
6109,1,Fournette
6110,1,Fournette
6111,1,Fournette
6112,1,Fournette
6113,1,Fournette
6114,1,Fournette
6115,1,Fournette
6116,1,Fournette
6117,1,Fournette
6118,1,Fournette
6119,1,Fournette
6120,1,Fournette
6121,1,Fournette
6122,1,Fournette
6123,1,Fournette
6124,1,Fournette
6125,1,Fournette
6126,1,Fournette
6127,1,Fournette
6128,1,Fournette
6129,1,Fournette
6130,1,Fournette
6131,1,Fournette
6132,1,Fournette
6133,1,Fournette
6134,1,Fournette
6135,1,Fournette
6136,1,Fournette
6137,1,Fournette
6138,1,Fournette
6139,1,Fournette
6140,1,Fournette
6141,1,Fournette
6142,1,Fournette
6143,1,Fournette
6144,1,Fournette
6145,1,Fournette
6146,1,Fournette
6147,1,Fournette
6148,1,Fournette
6149,1,Fournette
6150,1,Fournette
6151,1,Fournette
6152,1,Fournette
6153,1,Fournette
6154,1,Fournette
6155,1,Fournette
6156,1,Fournette
6157,1,Fournette
6158,1,Fournette
6159,1,Fournette
6160,1,Fournette
6161,1,Fournette
6162,1,Fournette
6163,1,Fournette
6164,1,Fournette
6165,1,Fournette
6166,1,Fournette
6167,1,Fournette
6168,1,Fournette
6169,1,Fournette
6170,1,Fournette
6171,1,Fournette
6172,1,Fournette
6173,1,Fournette
6174,1,Fournette
6175,1,Fournette
6176,1,Fournette
6177,1,Fournette
6178,1,Fournette
6179,1,Fournette
6180,1,Fournette
6181,1,Fournette
6182,1,Fournette
6183,1,Fournette
6184,1,Fournette
6185,1,Fournette
6186,1,Fournette
6187,1,Fournette
6188,1,Fournette
6189,1,Fournette
6190,1,Fournette
6191,1,Fournette
6192,1,Fournette
6193,1,Fournette
6194,1,Fournette
6195,1,Fournette
6196,1,Fournette
6197,1,Fournette
6198,1,Fournette
6199,1,Fournette
6200,1,Fournette
6201,1,Fournette
6202,1,Fournette
6203,1,Fournette
6204,1,Fournette
6205,1,Fournette
6206,1,Fournette
6207,1,Fournette
6208,1,Fournette
6209,1,Fournette
6210,1,Fournette
6211,1,Fournette
6212,1,Fournette
6213,1,Fournette
6214,1,Fournette
6215,1,Fournette
6216,1,Fournette
6217,1,Fournette
6218,1,Fournette
6219,1,Fournette
6220,1,Fournette
6221,1,Fournette
6222,1,Fournette
6223,1,Fournette
6224,1,Fournette
6225,1,Fournette
6226,1,Fournette
6227,1,Fournette
6228,1,Fournette
6229,1,Fournette
6230,1,Fournette
6231,1,Fournette
6232,1,Fournette
6233,1,Fournette
6234,1,Fournette
6235,1,Fournette
6236,1,Fournette
6237,1,Fournette
6238,1,Fournette
6239,1,Fournette
6240,1,Fournette
6241,1,Fournette
6242,1,Fournette
6243,1,Fournette
6244,1,Fournette
6245,1,Fournette
6246,1,Fournette
6247,1,Fournette
6248,1,Fournette
6249,1,Fournette
6250,1,Fournette
6251,1,Fournette
6252,1,Fournette
6253,1,Fournette
6254,1,Fournette
6255,1,Fournette
6256,1,Fournette
6257,1,Fournette
6258,1,Fournette
6259,1,Fournette
6260,1,Fournette
6261,1,Fournette
6262,1,Fournette
6263,1,Fournette
6264,1,Fournette
6265,1,Fournette
6266,1,Fournette
6267,1,Fournette
6268,1,Fournette
6269,1,Fournette
6270,1,Fournette
6271,1,Fournette
6272,1,Fournette
6273,1,Fournette
6274,1,Fournette
6275,1,Fournette
6276,1,Fournette
6277,1,Fournette
6278,1,Fournette
6279,1,Fournette
6280,1,Fournette
6281,1,Fournette
6282,1,Fournette
6283,1,Fournette
6284,1,Fournette
6285,1,Fournette
6286,1,Fournette
6287,1,Fournette
6288,1,Fournette
6289,1,Fournette
6290,1,Fournette
6291,1,Fournette
6292,1,Fournette
6293,1,Fournette
6294,1,Fournette
6295,1,Fournette
6296,1,Fournette
6297,1,Fournette
6298,1,Fournette
6299,1,Fournette
6300,1,Fournette
6301,1,Fournette
6302,1,Fournette
6303,1,Fournette
6304,1,Fournette
6305,1,Fournette
6306,1,Fournette
6307,1,Fournette
6308,1,Fournette
6309,1,Fournette
6310,1,Fournette
6311,1,Fournette
6312,1,Fournette
6313,1,Fournette
6314,1,Fournette
6315,1,Fournette
6316,1,Fournette
6317,1,Fournette
6318,1,Fournette
6319,1,Fournette
6320,1,Fournette
6321,1,Fournette
6322,1,Fournette
6323,1,Fournette
6324,1,Fournette
6325,1,Fournette
6326,1,Fournette
6327,1,Fournette
6328,1,Fournette
6329,1,Fournette
6330,1,Fournette
6331,1,Fournette
6332,1,Fournette
6333,1,Fournette
6334,1,Fournette
6335,1,Fournette
6336,1,Fournette
6337,1,Fournette
6338,1,Fournette
6339,1,Fournette
6340,1,Fournette
6341,1,Fournette
6342,1,Fournette
6343,1,Fournette
6344,1,Fournette
6345,1,Fournette
6346,1,Fournette
6347,1,Fournette
6348,1,Fournette
6349,1,Fournette
6350,1,Fournette
6351,1,Fournette
6352,1,Fournette
6353,1,Fournette
6354,1,Fournette
6355,1,Fournette
6356,1,Fournette
6357,1,Fournette
6358,1,Fournette
6359,1,Fournette
6360,1,Fournette
6361,1,Fournette
6362,1,Fournette
6363,1,Fournette
6364,1,Fournette
6365,1,Fournette
6366,1,Fournette
6367,1,Fournette
6368,1,Fournette
6369,1,Fournette
6370,1,Fournette
6371,1,Fournette
6372,1,Fournette
6373,1,Fournette
6374,1,Fournette
6375,1,Fournette
6376,1,Fournette
6377,1,Fournette
6378,1,Fournette
6379,1,Fournette
6380,1,Fournette
6381,1,Fournette
6382,1,Fournette
6383,1,Fournette
6384,1,Fournette
6385,1,Fournette
6386,1,Fournette
6387,1,Fournette
6388,1,Fournette
6389,1,Fournette
6390,1,Fournette
6391,1,Fournette
6392,1,Fournette
6393,1,Fournette
6394,1,Fournette
6395,1,Fournette
6396,1,Fournette
6397,1,Fournette
6398,1,Fournette
6399,1,Fournette
6400,1,Fournette
6401,1,Fournette
6402,1,Fournette
6403,1,Fournette
6404,1,Fournette
6405,1,Fournette
6406,1,Fournette
6407,1,Fournette
6408,1,Fournette
6409,1,Fournette
6410,1,Fournette
6411,1,Fournette
6412,1,Fournette
6413,1,Fournette
6414,1,Fournette
6415,1,Fournette
6416,1,Fournette
6417,1,Fournette
6418,1,Fournette
6419,1,Fournette
6420,1,Fournette
6421,1,Fournette
6422,1,Fournette
6423,1,Fournette
6424,1,Fournette
6425,1,Fournette
6426,1,Fournette
6427,1,Fournette
6428,1,Fournette
6429,1,Fournette
6430,1,Fournette
6431,1,Fournette
6432,1,Fournette
6433,1,Fournette
6434,1,Fournette
6435,1,Fournette
6436,1,Fournette
6437,1,Fournette
6438,1,Fournette
6439,1,Fournette
6440,1,Fournette
6441,1,Fournette
6442,1,Fournette
6443,1,Fournette
6444,1,Fournette
6445,1,Fournette
6446,1,Fournette
6447,1,Fournette
6448,1,Fournette
6449,1,Fournette
6450,1,Fournette
6451,1,Fournette
6452,1,Fournette
6453,1,Fournette
6454,1,Fournette
6455,1,Fournette
6456,1,Fournette
6457,1,Fournette
6458,1,Fournette
6459,1,Fournette
6460,1,Fournette
6461,1,Fournette
6462,1,Fournette
6463,1,Fournette
6464,1,Fournette
6465,1,Fournette
6466,1,Fournette
6467,1,Fournette
6468,1,Fournette
6469,1,Fournette
6470,1,Fournette
6471,1,Fournette
6472,1,Fournette
6473,1,Fournette
6474,1,Fournette
6475,1,Fournette
6476,1,Fournette
6477,1,Fournette
6478,1,Fournette
6479,1,Fournette
6480,1,Fournette
6481,1,Fournette
6482,1,Fournette
6483,1,Fournette
6484,1,Fournette
6485,1,Fournette
6486,1,Fournette
6487,1,Fournette
6488,1,Fournette
6489,1,Fournette
6490,1,Fournette
6491,1,Fournette
6492,1,Fournette
6493,1,Fournette
6494,1,Fournette
6495,1,Fournette
6496,1,Fournette
6497,1,Fournette
6498,1,Fournette
6499,1,Fournette
6500,1,Fournette
6501,1,Fournette
6502,1,Fournette
6503,1,Fournette
6504,1,Fournette
6505,1,Fournette
6506,1,Fournette
6507,1,Fournette
6508,1,Fournette
6509,1,Fournette
6510,1,Fournette
6511,1,Fournette
6512,1,Fournette
6513,1,Fournette
6514,1,Fournette
6515,1,Fournette
6516,1,Fournette
6517,1,Fournette
6518,1,Fournette
6519,1,Fournette
6520,1,Fournette
6521,1,Fournette
6522,1,Fournette
6523,1,Fournette
6524,1,Fournette
6525,1,Fournette
6526,1,Fournette
6527,1,Fournette
6528,1,Fournette
6529,1,Fournette
6530,1,Fournette
6531,1,Fournette
6532,1,Fournette
6533,1,Fournette
6534,1,Fournette
6535,1,Fournette
6536,1,Fournette
6537,1,Fournette
6538,1,Fournette
6539,1,Fournette
6540,1,Fournette
6541,1,Fournette
6542,1,Fournette
6543,1,Fournette
6544,1,Fournette
6545,1,Fournette
6546,1,Fournette
6547,1,Fournette
6548,1,Fournette
6549,1,Fournette
6550,1,Fournette
6551,1,Fournette
6552,1,Fournette
6553,1,Fournette
6554,1,Fournette
6555,1,Fournette
6556,1,Fournette
6557,1,Fournette
6558,1,Fournette
6559,1,Fournette
6560,1,Fournette
6561,1,Fournette
6562,1,Fournette
6563,1,Fournette
6564,1,Fournette
6565,1,Fournette
6566,1,Fournette
6567,1,Fournette
6568,1,Fournette
6569,1,Fournette
6570,1,Fournette
6571,1,Fournette
6572,1,Fournette
6573,1,Fournette
6574,1,Fournette
6575,1,Fournette
6576,1,Fournette
6577,1,Fournette
6578,1,Fournette
6579,1,Fournette
6580,1,Fournette
6581,1,Fournette
6582,1,Fournette
6583,1,Fournette
6584,1,Fournette
6585,1,Fournette
6586,1,Fournette
6587,1,Fournette
6588,1,Fournette
6589,1,Fournette
6590,1,Fournette
6591,1,Fournette
6592,1,Fournette
6593,1,Fournette
6594,1,Fournette
6595,1,Fournette
6596,1,Fournette
6597,1,Fournette
6598,1,Fournette
6599,1,Fournette
6600,1,Fournette
6601,1,Fournette
6602,1,Fournette
6603,1,Fournette
6604,1,Fournette
6605,1,Fournette
6606,1,Fournette
6607,1,Fournette
6608,1,Fournette
6609,1,Fournette
6610,1,Fournette
6611,1,Fournette
6612,1,Fournette
